,TSNE_1,TSNE_2,label
C230517005_CELL1000_N3,-0.63504699858801,-37.7150014178751,3
C230517005_CELL1013_N2,-23.5569965981631,48.58220616875,2
C230517005_CELL1025_N3,-34.7503849846154,-42.7059121454561,3
C230517005_CELL1031_N2,32.5068637557355,-4.74809281915194,1
C230517005_CELL1037_N2,42.5084925610814,13.596001314534,1
C230517005_CELL1038_N3,-17.8079295779582,-43.730288469918,3
C230517005_CELL1045_N2,-5.40804618094889,53.7106476873534,2
C230517005_CELL1053_N2,16.2852896158969,5.10108400689886,1
C230517005_CELL1058_N2,-5.92481384493467,21.776338099284,2
C230517005_CELL1063_N2,34.0126039731872,34.3213234134422,1
C230517005_CELL1064_N2,-10.063355501664,-34.4253557183335,3
C230517005_CELL1070_N2,-34.6357333002332,-42.6268603049105,3
C230517005_CELL1072_N3,2.32982403296205,-42.5499740504417,3
C230517005_CELL1112_N3,23.4312908994562,-33.3733478142403,3
C230517005_CELL1143_N2,16.2843951977068,5.099283435894,1
C230517005_CELL1160_N4,2.7691380095595,-40.4607312524661,3
C230517005_CELL1164_N2,-20.5597287392952,-38.2678193722125,3
C230517005_CELL1169_N2,-41.2935851556718,-34.7611916007105,0
C230517005_CELL116_N3,26.9762780253203,-9.31005672185082,1
C230517005_CELL1171_N1,21.4693920593478,-51.4034402328037,3
C230517005_CELL1172_N2,35.7674730623736,48.4898781884796,2
C230517005_CELL1176_N3,-30.5382774288732,19.1282077114674,0
C230517005_CELL1188_N2,-16.034688504829,-50.7260275469739,3
C230517005_CELL1193_N2,-14.5075996195476,24.0446893290605,2
C230517005_CELL1218_N2,-7.55551993483102,35.5805555193004,2
C230517005_CELL1222_N4,-20.4375979418345,20.270670132693,2
C230517005_CELL1226_N2,66.239127541883,-17.4205961483188,1
C230517005_CELL122_N2,17.4880583913213,-46.961562302306,3
C230517005_CELL1240_N2,-11.0485656062751,-38.1975945354436,3
C230517005_CELL1241_N2,25.8768239612133,13.1257002502336,1
C230517005_CELL1249_N2,8.01342731207678,9.41478718386979,2
C230517005_CELL1254_N1,42.2075832892578,2.65523483174423,1
C230517005_CELL1255_N2,2.45842198009952,-42.9361630387927,3
C230517005_CELL1263_N3,19.4716338121054,21.5532793681135,2
C230517005_CELL1271_N3,-20.3900634871313,20.2562411736368,2
C230517005_CELL1280_N2,6.44012368385054,18.2017924146976,2
C230517005_CELL1294_N3,-18.7858966440025,37.9138418103105,2
C230517005_CELL1300_N2,-32.9917938685856,12.0001185499941,0
C230517005_CELL1302_N3,-32.048480353152,40.8303518697451,2
C230517005_CELL1304_N2,11.3366493767475,7.49001736076726,2
C230517005_CELL1307_N1,21.4952507536916,-51.5963291033858,3
C230517005_CELL1309_N2,24.1060507675535,-51.3843409481739,3
C230517005_CELL1314_N2,40.6364800639645,-23.1304032922074,1
C230517005_CELL1315_N1,58.2329401299201,-29.5213232934885,1
C230517005_CELL1316_N3,-39.4337538576949,-42.1827903402624,3
C230517005_CELL1317_N2,9.73040767039528,-23.6048884388162,3
C230517005_CELL1320_N2,12.1971739658829,-38.9727118836898,3
C230517005_CELL1323_N1,16.7861501621601,5.22699897252012,1
C230517005_CELL1327_N4,-51.8415118536693,37.2595218173888,0
C230517005_CELL1332_N1,56.4691861637281,27.9331244926942,1
C230517005_CELL1334_N4,47.8803919032486,-2.73302581277342,1
C230517005_CELL1346_N2,29.9812161502145,19.0036088992576,1
C230517005_CELL1348_N2,6.18332098912298,-38.5418849760902,3
C230517005_CELL1360_N1,31.5937212701826,11.8140341594249,1
C230517005_CELL1361_N2,33.2191709547257,35.4136106499922,1
C230517005_CELL1363_N1,25.6852117087088,-39.4393516905705,3
C230517005_CELL1388_N2,21.9343569654683,34.626531321525,2
C230517005_CELL1392_N2,-21.8333920905315,56.2852653068255,2
C230517005_CELL1396_N3,-24.7194497672513,28.6650549350371,2
C230517005_CELL13_N1,-62.0144709239058,-2.99425403818914,0
C230517005_CELL1402_N2,-1.0529351288741,-14.3881001406117,3
C230517005_CELL1403_N2,1.42622931820359,-38.3350823544203,3
C230517005_CELL1406_N3,25.8309741289419,17.3547473464043,1
C230517005_CELL1408_N2,42.2284645259916,16.7704750481083,1
C230517005_CELL1418_N3,32.6589622229257,24.6199921364605,1
C230517005_CELL1424_N2,40.9312265012124,-23.6283302646859,1
C230517005_CELL1439_N3,-25.5578853770682,41.4408558579018,2
C230517005_CELL1440_N2,-51.359884560201,37.3907548996538,0
C230517005_CELL1446_N4,20.3825280087282,31.6316015758769,2
C230517005_CELL1452_N2,-17.1956747492226,-51.8019954564843,3
C230517005_CELL1459_N2,-12.679878350399,-50.9011968744888,3
C230517005_CELL1460_N2,23.4408999508212,-33.3698824264395,3
C230517005_CELL1472_N3,-16.3440604012877,-53.2757507358375,3
C230517005_CELL1475_N2,-4.23730148145487,-60.5534282487839,3
C230517005_CELL1476_N2,25.8015322948003,35.4382837301463,2
C230517005_CELL1485_N3,27.1269630119339,-51.2744856477054,3
C230517005_CELL148_N1,42.9518739555871,-15.8280688160194,1
C230517005_CELL1493_N2,10.9237174839008,-2.04408843842255,1
C230517005_CELL1497_N2,-19.4222321727684,33.3739586792656,2
C230517005_CELL1498_N2,-42.3094439202764,7.0530438137376,0
C230517005_CELL1501_N2,-16.578175900316,44.2954684308863,2
C230517005_CELL1506_N3,-13.1738799310409,-51.2379416190625,3
C230517005_CELL1516_N2,15.2255710105908,-52.5476272251261,3
C230517005_CELL1519_N2,-14.5127895286318,28.0688676421958,2
C230517005_CELL1521_N2,0.410522034020121,-57.128663402794,3
C230517005_CELL1526_N3,-14.4108877202177,27.1786843386222,2
C230517005_CELL1534_N3,12.3257620717199,38.8252580568029,2
C230517005_CELL1535_N2,39.2352291793926,-1.975061005358,1
C230517005_CELL153_N2,58.209681992374,-4.09234668391162,1
C230517005_CELL1541_N2,42.2969541273567,-28.507224252713,1
C230517005_CELL1546_N2,-18.9178301363377,46.0525849472441,2
C230517005_CELL1573_N3,-15.0333360426415,-52.8738340244628,3
C230517005_CELL1583_N2,-37.8814012353462,-3.46954432693132,0
C230517005_CELL1599_N2,-24.289485052385,29.6643367589158,2
C230517005_CELL1600_N2,18.1184567053382,-2.43625406949997,1
C230517005_CELL1605_N2,6.1851313907481,-38.5431659293505,3
C230517005_CELL1615_N2,-13.8899160535775,-5.31962841151689,0
C230517005_CELL1616_N2,20.1077312555961,34.4429536935588,2
C230517005_CELL1618_N2,14.157587239524,29.743250734111,2
C230517005_CELL161_N3,12.3818691382575,48.6591039684027,2
C230517005_CELL1623_N2,3.24440928608346,44.184780759673,2
C230517005_CELL1625_N2,-19.7526257132666,22.4571183787115,2
C230517005_CELL1627_N2,55.1520371982164,13.835558898108,1
C230517005_CELL1641_N2,-25.3195709670498,42.5649539828031,2
C230517005_CELL1658_N2,-8.70821832619926,-32.7351107233627,3
C230517005_CELL166_N1,9.17989883143795,-21.3600527710355,3
C230517005_CELL1675_N2,1.62573855502113,-49.0382881094685,3
C230517005_CELL1677_N4,-10.3010724802855,62.1939554643882,2
C230517005_CELL1680_N2,-27.679283531174,-24.6921343729577,3
C230517005_CELL16_N4,-11.353465228161,48.1813832690307,2
C230517005_CELL1713_N2,3.49376437875637,-62.1364488681678,3
C230517005_CELL1716_N2,-25.3330129124141,37.6786433193713,2
C230517005_CELL1722_N2,5.7367128570732,15.619044472491,2
C230517005_CELL1734_N3,-19.7115038048654,39.0334331586937,2
C230517005_CELL1739_N1,-30.0198329273383,-51.3537137330119,3
C230517005_CELL174_N2,36.8054047481464,28.745074064315,1
C230517005_CELL1750_N3,-20.6921291693739,-47.0823091725537,3
C230517005_CELL1751_N2,-15.33002427041,-45.3614073956362,3
C230517005_CELL175_N3,-21.0685035195024,41.7669413842785,2
C230517005_CELL1761_N2,-7.44527113521804,-27.9659840224659,3
C230517005_CELL1762_N2,10.5779440333455,20.7021029101458,2
C230517005_CELL1764_N2,2.55077332295493,-39.8771633579591,3
C230517005_CELL1766_N2,-9.22574958616626,-34.8656748191907,3
C230517005_CELL1767_N2,-0.723219895392485,-50.3667170341536,3
C230517005_CELL1770_N2,-39.6098042653238,14.7978571256987,0
C230517005_CELL1777_N2,-40.1976043586036,7.62383526128195,0
C230517005_CELL1788_N2,9.73063732033072,-23.6067757529612,3
C230517005_CELL1789_N2,22.8270785932267,20.7678488461859,1
C230517005_CELL1803_N2,-21.3015043106246,-38.3606138683802,3
C230517005_CELL1809_N2,13.8291587970538,9.56649445570816,2
C230517005_CELL1810_N2,-19.4519355829311,-51.2002514488937,3
C230517005_CELL1811_N2,6.43893463093568,-18.4196794045664,3
C230517005_CELL1812_N1,26.482070854074,-6.11740156799472,1
C230517005_CELL1826_N2,-39.5437920276056,-42.165041069202,3
C230517005_CELL1836_N2,12.3330812136618,-37.2850591241361,3
C230517005_CELL1843_N1,33.3791009881127,9.45248826023302,1
C230517005_CELL1853_N2,-12.0416710242398,-50.1219062732982,3
C230517005_CELL1867_N2,-8.24855106203063,-28.876511347774,3
C230517005_CELL1871_N2,-6.84911757908974,12.8281070806675,2
C230517005_CELL1872_N2,20.6128328685679,-11.5526984296914,1
C230517005_CELL1876_N2,53.4231333699573,-11.0049126283586,1
C230517005_CELL1879_N2,-40.4943636007195,10.4710361081976,0
C230517005_CELL1881_N2,57.6590476273385,-2.68131258363151,1
C230517005_CELL1887_N3,15.9873138528851,-30.908754230638,3
C230517005_CELL1892_N2,4.24616715438666,-62.7899834139251,3
C230517005_CELL1917_N2,4.42284181449177,-62.9071321256442,3
C230517005_CELL1923_N2,59.6921213169318,-19.0311844090872,1
C230517005_CELL1925_N3,-21.6604740130984,47.0668101103818,2
C230517005_CELL1940_N3,22.9458380360609,-51.2368861062041,3
C230517005_CELL1961_N1,-12.2494234335358,-51.9450688427054,3
C230517005_CELL1962_N2,-29.190780863051,-45.2638823915291,3
C230517005_CELL1966_N2,38.7999513903936,45.3262833457075,1
C230517005_CELL1968_N2,8.03833127991019,9.4874864192076,2
C230517005_CELL1970_N3,49.8030690518627,-2.98933656931492,1
C230517005_CELL1974_N2,-15.5570192376253,33.362607999138,2
C230517005_CELL1984_N2,18.7908088700598,-50.7009103853277,3
C230517005_CELL1987_N2,-37.5631648986459,-28.1204442457305,0
C230517005_CELL1989_N2,6.81231484135096,7.67828805689255,2
C230517005_CELL1991_N3,17.3281376366538,-1.43211095934606,1
C230517005_CELL1992_N2,17.6830023471492,-1.88087862985562,1
C230517005_CELL1997_N2,-8.5394489563171,-32.3104327459967,3
C230517005_CELL1998_N3,4.22607659448435,-62.756353403585,3
C230517005_CELL2013_N1,1.39925655481126,-5.02920702399586,3
C230517005_CELL2014_N2,31.3811096271901,-13.8293991685694,1
C230517005_CELL2023_N2,28.9654289406871,14.221635910343,1
C230517005_CELL2037_N2,19.3449553798132,-40.6002316657361,3
C230517005_CELL203_N5,-22.4138542173058,23.648173664026,2
C230517005_CELL2048_N2,-13.1139644689459,-24.8604851802019,3
C230517005_CELL2052_N2,-24.9651018092715,31.2614357243528,2
C230517005_CELL205_N2,-15.1494290820458,55.4812195025371,2
C230517005_CELL2066_N2,-3.00186176134541,-54.1066345129713,3
C230517005_CELL2069_N4,-40.7301395004578,-41.8724658044611,3
C230517005_CELL2070_N2,-26.6257393754516,45.1535410022916,2
C230517005_CELL2083_N1,-43.3658760192351,-12.1720747730173,0
C230517005_CELL2087_N2,13.3146089741351,-37.0776470748305,3
C230517005_CELL2104_N3,-28.2085179200772,-35.9978362614621,3
C230517005_CELL210_N2,-16.1211836716075,18.6218479874242,2
C230517005_CELL2114_N2,-23.7832122762812,48.6158959192895,2
C230517005_CELL2120_N2,19.2360136115396,-6.18925557674526,1
C230517005_CELL2126_N2,41.0601941751125,-25.0435918397608,1
C230517005_CELL2136_N2,-44.9666751873067,21.5608751381138,0
C230517005_CELL2175_N3,-4.29827302978632,-61.0261476196817,3
C230517005_CELL2180_N3,-41.6377926979904,-35.261461120502,3
C230517005_CELL2194_N6,-3.91704555631448,-58.6661239450925,3
C230517005_CELL2195_N2,43.3105990919799,3.38419017880391,1
C230517005_CELL21_N1,20.0502790789565,21.0813194360774,2
C230517005_CELL2202_N2,31.6016878981182,16.7995506808105,1
C230517005_CELL2216_N2,21.2279287883949,-51.9200891291719,3
C230517005_CELL2218_N2,-8.26626713549549,-33.2823458684192,3
C230517005_CELL2227_N2,42.3017651331577,-14.8731870961936,1
C230517005_CELL2239_N1,61.9416901666439,1.80956408878658,1
C230517005_CELL223_N3,-2.3585422791762,-54.84185506304,3
C230517005_CELL2267_N1,23.9450385900454,-51.3574072041863,3
C230517005_CELL2268_N1,55.213858827627,14.4745597751103,1
C230517005_CELL227_N1,25.488261094587,32.2658019426213,2
C230517005_CELL2282_N1,-22.2946369041703,-30.6499639292222,3
C230517005_CELL2299_N1,11.4085417361031,0.942321593276986,1
C230517005_CELL2312_N1,-10.8742800167509,62.2764827569488,2
C230517005_CELL2317_N1,41.1256215448463,-10.5831404108759,1
C230517005_CELL2330_N1,24.9364743800326,8.9278182862519,1
C230517005_CELL2373_N1,20.4125282138175,34.499827614361,2
C230517005_CELL2378_N1,10.9231058627798,-2.04508578811106,1
C230517005_CELL2434_N1,30.1198720037441,7.59744190699638,1
C230517005_CELL243_N2,-27.8633818483737,-38.2727440868428,3
C230517005_CELL2445_N1,3.50340113203167,-32.6687548225044,3
C230517005_CELL2453_N1,50.3099065257179,25.7400377683172,1
C230517005_CELL2489_N1,-15.3821588920575,-22.5133155071702,3
C230517005_CELL2492_N1,38.2209204627575,23.2048572049635,1
C230517005_CELL2494_N1,-6.3014632314675,53.3755115426832,2
C230517005_CELL2496_N1,-18.0133597190951,-51.2913196046201,3
C230517005_CELL253_N1,41.824517614589,2.83036979356942,1
C230517005_CELL2542_N1,10.634986436252,-2.92532693628765,1
C230517005_CELL2576_N1,19.8998171588737,-10.3016291560758,1
C230517005_CELL2577_N1,8.19217858871614,18.6354248819909,2
C230517005_CELL2586_N1,-7.44527622228826,-27.9659863937886,3
C230517005_CELL258_N2,-42.9156312022286,-34.5289279748292,0
C230517005_CELL2593_N1,-10.393127158981,36.2777000801752,2
C230517005_CELL2596_N1,1.61975395000182,-49.033252794093,3
C230517005_CELL25_N1,53.4268756642744,-11.009612840448,1
C230517005_CELL2612_N1,-29.2058707619577,41.0707912340023,2
C230517005_CELL261_N2,9.70488410709362,-20.3585511661712,3
C230517005_CELL263_N2,66.2576921340563,-17.5236544111853,1
C230517005_CELL2644_N1,53.4805608206003,-36.1097392813023,1
C230517005_CELL2646_N1,30.7459990369142,-14.4689430727169,1
C230517005_CELL2652_N1,11.0599136277002,-29.5369399425505,3
C230517005_CELL266_N2,36.5975800615034,-4.8817729481774,1
C230517005_CELL268_N3,6.0431775699984,-27.8050038859151,3
C230517005_CELL270_N2,0.351532853824214,-42.2078650283514,3
C230517005_CELL2717_N1,-33.2313309299172,-41.3983133675751,3
C230517005_CELL2732_N1,17.5544394088039,-46.8259070245716,3
C230517005_CELL2759_N1,7.11806802752756,-11.3904440021216,3
C230517005_CELL2778_N1,44.2282145145703,11.6421347671247,1
C230517005_CELL2787_N1,15.1593113816557,16.5752566603897,2
C230517005_CELL278_N3,-33.4120225643624,-37.9861144391034,3
C230517005_CELL2791_N1,36.2162777737279,-16.6640392892757,1
C230517005_CELL282_N3,-40.5172615143896,-42.1617483449556,3
C230517005_CELL2837_N1,27.1119875636094,-3.52135106551343,1
C230517005_CELL2850_N1,4.9824383045959,-27.4199808985894,3
C230517005_CELL2862_N1,-13.8192472795576,-40.0700987654223,3
C230517005_CELL2866_N1,47.1716494993866,34.5706146021288,1
C230517005_CELL2872_N1,16.6506833834662,-32.1849224182077,3
C230517005_CELL2881_N1,-12.7169358856476,44.5968904596475,2
C230517005_CELL288_N4,-40.6845237544469,7.85061475967146,0
C230517005_CELL2898_N1,14.0696284716882,-24.087881279605,3
C230517005_CELL2901_N1,50.0307963498234,5.86650188656164,1
C230517005_CELL2912_N1,56.5341787159975,33.4131760281655,1
C230517005_CELL292_N2,41.3951398745153,-12.6927041733183,1
C230517005_CELL2930_N1,-15.5275067799735,-53.9197928049163,3
C230517005_CELL2945_N1,5.95797157523772,17.7926960827664,2
C230517005_CELL2988_N1,52.1678915506758,-7.21073751544214,1
C230517005_CELL300_N3,58.510339420316,-19.9858647567462,1
C230517005_CELL3016_N1,-1.24640234090646,-51.7153534645001,3
C230517005_CELL3032_N1,-24.4767279531888,-32.6897452062787,3
C230517005_CELL3037_N1,45.5109780118117,-4.00864886290862,1
C230517005_CELL3045_N1,19.9058351878072,30.7286753261672,2
C230517005_CELL3061_N1,-33.1878225013107,-41.445994806531,3
C230517005_CELL3068_N1,28.2901003965855,14.3773892652082,1
C230517005_CELL3090_N1,45.6044490906779,18.8607318907987,1
C230517005_CELL3137_N1,-0.714667612367808,-29.8673588636582,3
C230517005_CELL3164_N1,20.6006776985143,-37.6350708450528,3
C230517005_CELL3176_N1,30.6915224514732,7.63722730306106,1
C230517005_CELL3202_N1,30.8008530834819,9.51296928112043,1
C230517005_CELL3210_N1,9.43833639250487,5.47987386223893,2
C230517005_CELL3238_N1,47.9448627155173,-20.298315499784,1
C230517005_CELL323_N2,-42.4275393642116,28.2200211140725,0
C230517005_CELL3241_N1,-18.157716456917,18.1467958531628,2
C230517005_CELL3268_N1,9.02275186296141,5.43927862019547,2
C230517005_CELL3280_N1,9.17792287835844,-21.3645567325216,3
C230517005_CELL3281_N1,-14.9953292935122,52.7882858338107,2
C230517005_CELL3293_N1,-22.9171350745496,16.1603319819923,0
C230517005_CELL330_N2,-6.18052263695603,12.8333958665646,2
C230517005_CELL3318_N1,54.5606244392747,14.5025444648367,1
C230517005_CELL3325_N1,-31.707503868151,-39.5541618839087,3
C230517005_CELL3326_N1,61.4021229489486,-14.611360554873,1
C230517005_CELL3337_N1,-16.7629886205454,44.4707427079846,2
C230517005_CELL3339_N1,65.3109402682805,3.29887272996387,1
C230517005_CELL333_N3,0.172120524389289,-56.8713107420887,3
C230517005_CELL3365_N1,-44.64717891505,0.85114918306643,0
C230517005_CELL3380_N1,58.4942017970847,0.994220557282559,1
C230517005_CELL3389_N1,-33.0633367799867,-34.6639363513843,3
C230517005_CELL3401_N1,15.9841468597036,-30.8822089897847,3
C230517005_CELL3414_N1,-19.5190749263897,33.256300649402,2
C230517005_CELL3416_N1,36.1239296184148,26.0056857800643,1
C230517005_CELL341_N1,68.0341477492705,-10.1303179409577,1
C230517005_CELL3420_N1,41.3296541591335,15.5472109251252,1
C230517005_CELL3432_N1,-26.7463668776609,-34.9353484470994,3
C230517005_CELL3438_N1,49.8719480431429,14.5954348613181,1
C230517005_CELL3443_N1,-20.2067887788768,24.6707510645483,2
C230517005_CELL3457_N1,44.5078233209682,19.0927657172015,1
C230517005_CELL3504_N1,-40.2495296783048,-29.2744414364661,0
C230517005_CELL3524_N1,49.6805869945265,24.8487449486663,1
C230517005_CELL3526_N1,-9.58974475510093,-29.6744858750824,3
C230517005_CELL3529_N1,24.588299462781,-25.5889223940251,3
C230517005_CELL354_N2,-25.4994214072369,38.4374955756608,2
C230517005_CELL3553_N1,28.1518366358108,1.52574856408046,1
C230517005_CELL3568_N1,45.0187093726873,11.443263184367,1
C230517005_CELL357_N2,2.35960228769315,-42.4613231014632,3
C230517005_CELL3581_N1,-53.0958269928779,28.8400042691972,0
C230517005_CELL3590_N1,44.1658064239877,16.6950107369206,1
C230517005_CELL3592_N1,-38.635660638396,-34.0603415156034,3
C230517005_CELL359_N1,6.79683975154958,25.0710229642243,2
C230517005_CELL3600_N1,19.8980374065191,-10.3040066766174,1
C230517005_CELL3606_N1,19.9048353905559,18.5135987416102,2
C230517005_CELL3623_N1,41.6195897815505,-27.8761713154956,1
C230517005_CELL3635_N1,16.7063961960335,25.5338634536758,2
C230517005_CELL3654_N1,-3.85087151729806,-58.5856060878206,3
C230517005_CELL3658_N1,23.4336341536682,-4.76614205388108,1
C230517005_CELL3675_N1,-16.0524863184785,-49.4224162366204,3
C230517005_CELL3679_N1,29.0092496529036,-34.4529759043012,3
C230517005_CELL367_N2,-38.7141917895665,-32.5590852620368,3
C230517005_CELL3701_N1,-17.7093966450508,-44.7416586945237,3
C230517005_CELL3761_N1,-20.7863827838713,23.8117796265685,2
C230517005_CELL3765_N1,58.481380621101,0.989785361098004,1
C230517005_CELL3767_N1,31.3299724048858,7.81974284373451,1
C230517005_CELL3795_N1,-36.4853157753075,-30.8655469737341,3
C230517005_CELL3797_N1,50.3007158061075,5.79688191585599,1
C230517005_CELL3890_N1,19.4244408105461,22.3597305691547,2
C230517005_CELL3894_N1,43.3275833143786,12.1573380199517,1
C230517005_CELL389_N3,-42.279526849664,33.775932479614,0
C230517005_CELL390_N3,8.0116514928977,9.41544625369961,2
C230517005_CELL3911_N1,-16.596992770432,-49.8989930381202,3
C230517005_CELL3924_N1,-11.104977359839,-38.2050860901449,3
C230517005_CELL3960_N1,60.1124712642079,-18.6710431299735,1
C230517005_CELL3977_N1,-26.0155203695869,48.2086359557803,2
C230517005_CELL399_N3,-18.329419082237,46.780320457842,2
C230517005_CELL3_N1,31.6088142975409,16.8041155781492,1
C230517005_CELL400_N2,36.6030731916687,-4.87419456865368,1
C230517005_CELL4030_N1,45.1799108792759,28.3079970362043,1
C230517005_CELL4035_N1,60.1039101038982,-13.586759637297,1
C230517005_CELL403_N2,-20.5084040985738,-46.980467896146,3
C230517005_CELL4040_N1,-27.0159117297122,42.4592967897393,2
C230517005_CELL4047_N1,-15.623444635701,18.9630779373624,2
C230517005_CELL4050_N1,-11.5403527258292,22.0114686074297,2
C230517005_CELL405_N3,-13.8220763577034,-39.9947692742679,3
C230517005_CELL4066_N1,-34.4313438954021,7.53227307123875,0
C230517005_CELL4095_N1,-40.1020641847337,-34.1517514295703,3
C230517005_CELL4101_N1,23.0233954712415,21.2828224100356,1
C230517005_CELL4115_N1,32.0552849792033,-3.96498285701455,1
C230517005_CELL4135_N1,-34.6721284397187,-33.6005384925538,3
C230517005_CELL4137_N1,42.0006396120715,18.6586903390267,1
C230517005_CELL4140_N1,41.0786289990393,-25.1930078184788,1
C230517005_CELL4144_N1,-52.9506793192054,29.4498639367785,0
C230517005_CELL4149_N1,58.7428473343392,-20.1889162958055,1
C230517005_CELL4160_N1,54.9461531269195,14.6610910508328,1
C230517005_CELL4166_N1,10.6615893463004,-45.9711142258385,3
C230517005_CELL4168_N1,2.41751711399822,-11.2621080875458,3
C230517005_CELL4179_N1,0.720947676066106,-37.984805146429,3
C230517005_CELL4214_N1,53.1635056125178,-14.3967816961195,1
C230517005_CELL421_N2,-23.8785845216562,40.8894351245767,2
C230517005_CELL4230_N1,6.06780670499935,17.5652002040521,2
C230517005_CELL4246_N1,33.3062155821702,24.7906028590597,1
C230517005_CELL4249_N1,14.7739864946043,16.9996954998768,2
C230517005_CELL4262_N1,-11.845030280772,25.4652077729486,2
C230517005_CELL4294_N1,12.5072757800447,-37.1880828067091,3
C230517005_CELL4296_N1,4.30828597120005,26.7371103251814,2
C230517005_CELL4298_N1,16.3335648392618,-19.8509670101612,3
C230517005_CELL4337_N1,12.2959468504039,38.6602114778345,2
C230517005_CELL4339_N1,-17.9739922339918,9.81566079222678,0
C230517005_CELL4348_N1,-14.5727910293833,27.9811099899988,2
C230517005_CELL4349_N1,-21.3050932281219,-38.3648443385418,3
C230517005_CELL4358_N1,-27.1624613853069,-35.32853434149,3
C230517005_CELL4361_N1,55.3362512107078,14.1447227504062,1
C230517005_CELL4373_N1,36.490833782272,17.0160944024343,1
C230517005_CELL4379_N1,-2.70620446017324,-55.4011932461117,3
C230517005_CELL4386_N1,22.6441624404577,-28.5177390699116,3
C230517005_CELL439_N2,36.4317847875022,-4.86118183026052,1
C230517005_CELL4426_N1,42.9719067145668,-15.8413621741382,1
C230517005_CELL4435_N1,39.3254775611266,-1.91599782147217,1
C230517005_CELL4452_N1,17.9211509337314,-46.8097305215991,3
C230517005_CELL4467_N1,20.7140543580585,34.5325066894247,2
C230517005_CELL4469_N1,-2.00401298744177,-43.0016224096135,3
C230517005_CELL446_N1,49.5478766958329,-8.74705384472355,1
C230517005_CELL4471_N1,-16.6531964361276,-36.1165932389554,3
C230517005_CELL4485_N1,66.2462369074387,-17.4749588324624,1
C230517005_CELL4488_N1,3.31256059139568,-15.4545825268194,3
C230517005_CELL4518_N1,-4.85884715258153,-46.5754414343071,3
C230517005_CELL4521_N1,8.98839282662368,-13.4915517927807,3
C230517005_CELL4525_N1,-35.142186523662,9.92447785823439,0
C230517005_CELL4529_N1,32.473201154405,-4.6664436609467,1
C230517005_CELL4535_N1,66.2470749582007,-17.4745118482235,1
C230517005_CELL4628_N1,-28.9996528041473,-36.1048674993985,3
C230517005_CELL4633_N1,35.9728004080631,-13.1296589467847,1
C230517005_CELL4637_N1,9.17680623373485,-13.2944555752245,3
C230517005_CELL4656_N1,13.3141091009745,26.8175557557998,2
C230517005_CELL465_N2,31.6066091800327,24.3199727174329,1
C230517005_CELL4676_N1,-47.9004928115745,-14.6336845473525,0
C230517005_CELL470_N4,30.2315286111744,34.536985519419,2
C230517005_CELL4728_N1,-32.4396735165873,-39.1893651022557,3
C230517005_CELL4729_N1,-30.3352829241937,19.4202210835923,0
C230517005_CELL4740_N1,28.1039188391641,13.8618120674457,1
C230517005_CELL4741_N1,-25.7157685868163,35.3940230097638,2
C230517005_CELL4753_N1,30.2113886234602,-37.2814466964932,3
C230517005_CELL4760_N1,23.645407840338,36.7759426216453,2
C230517005_CELL4762_N1,-35.6464056851729,7.40780757355069,0
C230517005_CELL4769_N1,27.1051955617603,-3.66647170202153,1
C230517005_CELL4801_N1,-20.6913513700824,-47.0800515804146,3
C230517005_CELL481_N3,-21.2511018822004,41.5781710439788,2
C230517005_CELL4834_N1,16.1397987164161,44.7750858690592,2
C230517005_CELL4836_N1,-12.6756888397813,-38.5731350842527,3
C230517005_CELL4848_N1,-3.62946223018552,-21.8262394533473,3
C230517005_CELL4861_N1,21.1661339020813,-27.4281773334939,3
C230517005_CELL4891_N1,-53.7165137880475,15.4895389777307,0
C230517005_CELL4907_N1,25.8156488666455,17.359823206844,1
C230517005_CELL4952_N1,27.5167785544635,2.03258319070136,1
C230517005_CELL4967_N1,-18.4049304291014,-36.5493119954853,3
C230517005_CELL4975_N1,-35.3545093233326,-17.4575452563288,0
C230517005_CELL4977_N1,-14.221636809528,40.3790096998521,2
C230517005_CELL4986_N1,3.30028792475043,-32.3433419388323,3
C230517005_CELL4991_N1,23.705921236413,1.71691789270767,1
C230517005_CELL49_N2,31.3964186601172,17.2320423756433,1
C230517005_CELL506_N1,48.565060742072,-19.6471818427439,1
C230517005_CELL5071_N1,4.77820388669677,26.0909697099434,2
C230517005_CELL5078_N1,-22.4974534372486,29.8628068084076,2
C230517005_CELL5116_N1,17.2304178120075,-1.3033526988784,1
C230517005_CELL5118_N1,36.3411716511175,19.5111971383569,1
C230517005_CELL511_N1,-43.8193010128522,21.5409476892532,0
C230517005_CELL5125_N1,74.2831249649434,-6.76427121325529,1
C230517005_CELL5133_N1,-24.9807636989243,28.4213052340252,2
C230517005_CELL5154_N1,-25.3250162791806,48.8557533240625,2
C230517005_CELL5208_N1,14.9912513521698,-21.9059810173346,3
C230517005_CELL5211_N1,-18.344089219925,23.9576407054468,2
C230517005_CELL5219_N1,-11.6996030017836,46.1266879453113,2
C230517005_CELL524_N1,50.9952673373458,0.355568989541505,1
C230517005_CELL5260_N1,16.7986790195102,14.2588973467968,2
C230517005_CELL5266_N1,21.8377427070647,-9.65113763346191,1
C230517005_CELL5270_N1,17.9932899412531,-9.98090683628208,1
C230517005_CELL5275_N1,-0.302931536231466,-27.0837269703664,3
C230517005_CELL5295_N1,6.96545670647659,-20.7180729378121,3
C230517005_CELL5300_N1,-20.2107975510034,-6.07309535580476,0
C230517005_CELL5301_N1,15.9085693135363,-46.4255480899745,3
C230517005_CELL530_N2,-27.3481060104947,-27.790449664486,3
C230517005_CELL5314_N1,-29.5168347557523,-38.4677824321495,3
C230517005_CELL5339_N1,11.3867869526622,7.61607269709544,2
C230517005_CELL5341_N1,-41.171685940458,-41.1185707386685,3
C230517005_CELL5366_N1,-12.6896743355516,56.0002250071229,2
C230517005_CELL5370_N1,21.0177742110342,-27.4151272233782,3
C230517005_CELL5372_N1,-19.8990283905896,18.858803483808,2
C230517005_CELL5376_N1,58.2620902786817,-29.1946860722959,1
C230517005_CELL5383_N1,7.11405757106908,-11.3909834400721,3
C230517005_CELL5409_N1,30.2400713680396,-37.4140133614843,3
C230517005_CELL5432_N1,16.5245083816636,-18.0338330151738,3
C230517005_CELL5465_N1,-10.0625209752303,-34.0469305565296,3
C230517005_CELL5472_N1,27.2822738199405,-8.49060326738964,1
C230517005_CELL5485_N1,-0.089107051072445,42.9426502696877,2
C230517005_CELL5506_N1,11.414435028161,0.926673855685877,1
C230517005_CELL5515_N1,0.751359534042745,-57.5897369787115,3
C230517005_CELL5517_N1,-56.8597846227462,-17.2557438808102,0
C230517005_CELL5522_N1,2.99692096888832,-45.5474700323816,3
C230517005_CELL5532_N1,42.3526111466079,13.790537715636,1
C230517005_CELL5559_N1,58.2654044400904,-29.1931103014765,1
C230517005_CELL5560_N1,-10.9885175705592,21.7696463098214,2
C230517005_CELL5565_N1,26.9412680585701,-53.862033577968,3
C230517005_CELL557_N2,-1.57332223717993,-52.5568374965912,3
C230517005_CELL5582_N1,-28.3035051264704,-26.4096997266414,3
C230517005_CELL559_N1,45.8609202910556,34.629058038833,1
C230517005_CELL5604_N1,35.8695738066556,-16.7293159762113,1
C230517005_CELL5610_N1,-27.36430404966,-35.4763865652115,3
C230517005_CELL565_N3,-1.44312402045861,-40.5722469205053,3
C230517005_CELL5665_N1,12.6498649021583,-45.5592882073721,3
C230517005_CELL5668_N1,17.0441936170515,-16.3867539619979,3
C230517005_CELL5675_N1,15.150645173192,-52.6402759826334,3
C230517005_CELL5681_N1,-4.30667957019372,-61.0649805136828,3
C230517005_CELL5697_N1,9.17680623490617,-13.2944555742624,3
C230517005_CELL5714_N1,43.3270195286176,17.4152902284947,1
C230517005_CELL5716_N1,18.4900167592505,21.1217740828249,2
C230517005_CELL571_N3,-17.7416678558537,-44.4649957877388,3
C230517005_CELL5720_N1,71.5893538429856,-7.34166134168595,1
C230517005_CELL5723_N1,-21.4228593047945,-31.9007577083986,3
C230517005_CELL5725_N1,-26.3197975537402,44.3447452102343,2
C230517005_CELL5761_N1,56.7413970667641,14.8794822892895,1
C230517005_CELL5765_N1,18.6630166236988,-34.1476044138344,3
C230517005_CELL5784_N1,8.62504642051392,-13.8292024608984,3
C230517005_CELL5808_N1,-16.747916133872,-52.854513920304,3
C230517005_CELL581_N1,8.39781000096628,6.66996715479626,2
C230517005_CELL5856_N1,-23.4109620398782,29.4311304836506,2
C230517005_CELL5884_N1,-10.1872951772909,-34.3732694150948,3
C230517005_CELL5896_N1,19.7409574141731,51.5749466916611,2
C230517005_CELL5908_N1,23.1490226701666,-39.0059991533463,3
C230517005_CELL5922_N1,-19.7905319378222,56.2892345822248,2
C230517005_CELL5932_N1,17.6829820600616,-9.86977043628884,1
C230517005_CELL5968_N1,-38.8182267275611,-33.2711353103466,3
C230517005_CELL5970_N1,24.0844485564072,6.53255291785148,1
C230517005_CELL5971_N1,-32.0759840207357,40.8642292104602,2
C230517005_CELL5972_N1,42.9723652520846,-15.8417413068856,1
C230517005_CELL5973_N1,-11.9595747288577,34.1070026084994,2
C230517005_CELL5995_N1,-18.093208560065,24.6412140184125,2
C230517005_CELL600_N2,-19.4471713102851,51.1407478581545,2
C230517005_CELL6011_N1,36.0263866829117,-13.1841110084239,1
C230517005_CELL6015_N1,19.8140242195707,-5.12571632676158,1
C230517005_CELL602_N5,-29.6078258820993,-38.4821552430268,3
C230517005_CELL6043_N1,26.7272192435026,15.3158848249158,1
C230517005_CELL605_N2,-20.1740783779173,-38.1587860526136,3
C230517005_CELL6070_N1,70.3822986568881,-10.4642886056668,1
C230517005_CELL6075_N1,45.6019696973171,26.5521345801468,1
C230517005_CELL607_N3,36.3629138343053,48.0702285580091,2
C230517005_CELL6100_N1,16.9841565942269,-26.9062656826524,3
C230517005_CELL6103_N1,-55.0151135122054,-6.99652583664234,0
C230517005_CELL6118_N1,65.2463333013721,2.96883172007351,1
C230517005_CELL611_N2,-57.1608735936435,27.8892204538847,0
C230517005_CELL6187_N1,-12.5589611774364,44.794050170651,2
C230517005_CELL6195_N1,-10.355684891817,-34.2114341911392,3
C230517005_CELL6204_N1,-18.4333581416288,34.2045051214861,2
C230517005_CELL6224_N1,-18.411158498175,-35.631919882483,3
C230517005_CELL622_N3,-37.8146273635484,-3.33608196094816,0
C230517005_CELL6235_N1,3.46599728247349,-23.6244537167423,3
C230517005_CELL6252_N1,35.8144720924454,48.457743389502,2
C230517005_CELL6255_N1,20.3692461567486,21.0638613072324,2
C230517005_CELL6281_N1,22.6626659150499,-50.7891374212805,3
C230517005_CELL6299_N1,-32.765233900564,-6.27617908601242,0
C230517005_CELL6304_N1,-18.5069043153269,-50.7488063284488,3
C230517005_CELL6306_N1,-46.2753067092012,-0.254915872071677,0
C230517005_CELL631_N2,-35.9602012352617,-47.8933329143005,3
C230517005_CELL6320_N1,72.3670910197354,-8.58537492225148,1
C230517005_CELL6322_N1,-15.0960918708295,-23.0186802665999,3
C230517005_CELL6323_N1,22.0241282818035,34.6836201513713,2
C230517005_CELL6342_N1,-15.0044939947828,19.7151848335187,2
C230517005_CELL6346_N1,-3.82083610483725,-23.3588680010884,3
C230517005_CELL6356_N1,15.1598181156022,16.5749118636734,2
C230517005_CELL6358_N1,58.5387596736994,0.634928045094745,1
C230517005_CELL6388_N1,21.2771501577083,-11.9916584763943,1
C230517005_CELL6391_N1,36.5456357038255,19.4752363664945,1
C230517005_CELL6480_N1,-35.4842756815903,11.9670466057075,0
C230517005_CELL6498_N1,44.8034938326804,-3.72224652829061,1
C230517005_CELL649_N2,-39.0739256107134,18.283711439034,0
C230517005_CELL64_N3,-27.7238413999967,-24.8641005491137,3
C230517005_CELL6525_N1,10.5645605604935,2.78425854422932,1
C230517005_CELL653_N2,-54.644009936042,25.9827735223908,0
C230517005_CELL6554_N1,15.2120178455578,-25.8283161183786,3
C230517005_CELL6556_N1,-4.29840351926883,-61.0342997706049,3
C230517005_CELL6558_N1,-18.5391863913528,45.1439070461566,2
C230517005_CELL6574_N1,26.2041469458593,0.0344317597313133,1
C230517005_CELL6583_N1,45.347995516361,27.4135086570115,1
C230517005_CELL6623_N1,-8.79169448377536,12.126575651718,2
C230517005_CELL6638_N1,11.0500352989455,4.99009889640189,2
C230517005_CELL6639_N1,50.1291003300696,14.557888880014,1
C230517005_CELL663_N2,-26.5974008479053,48.4836949182582,2
C230517005_CELL6642_N1,13.1680779221677,-43.9694040055649,3
C230517005_CELL6644_N1,-41.3575482502235,33.4698630669041,0
C230517005_CELL6648_N1,4.20348928203453,26.8851384623151,2
C230517005_CELL6661_N1,-15.3377388354121,-25.1703628401988,3
C230517005_CELL667_N2,-41.8423639712872,-36.1745821080216,3
C230517005_CELL6694_N1,24.0110525131184,35.4197375545836,2
C230517005_CELL6709_N1,23.3913447136529,-39.1528291313869,3
C230517005_CELL6710_N1,72.2307903770906,-7.55693410355043,1
C230517005_CELL6758_N1,7.35066023882476,-29.3683556523909,3
C230517005_CELL675_N2,50.5359641633726,5.78316000603424,1
C230517005_CELL6763_N1,16.2397161304023,-31.5937104904755,3
C230517005_CELL6776_N1,4.91988675976742,40.6905164250613,2
C230517005_CELL6811_N1,-28.3570732825681,-26.4174010652783,3
C230517005_CELL6830_N1,2.56856088032085,-23.892754001037,3
C230517005_CELL6883_N1,-34.0177455645284,11.3637133772511,0
C230517005_CELL6884_N1,30.8304496313966,-36.9301424330024,3
C230517005_CELL6893_N1,-35.4289651803817,-28.4377483716185,0
C230517005_CELL690_N3,-15.3572825038567,53.0573827210083,2
C230517005_CELL6937_N1,26.2369991481652,-33.5973269951443,3
C230517005_CELL6969_N1,33.4420280591807,34.6876196753968,1
C230517005_CELL6970_N1,45.6243463377811,-17.5129801807351,1
C230517005_CELL6976_N1,16.5858655553569,14.4479624445783,2
C230517005_CELL697_N2,12.8461890768922,10.8454225383398,2
C230517005_CELL6994_N1,23.7945019416645,37.2416131673989,2
C230517005_CELL69_N1,13.0703276029644,-26.5600693895768,3
C230517005_CELL6_N2,28.9050775934522,-34.6402064172846,3
C230517005_CELL700_N2,-26.5073602075427,-34.6927314736814,3
C230517005_CELL7018_N1,-34.9565006659264,-34.4066732932658,3
C230517005_CELL702_N2,17.2517756157755,-15.7339675589953,3
C230517005_CELL7032_N1,2.81131152929374,-41.1603020348929,3
C230517005_CELL7046_N1,-32.5895081760474,-1.15802140270619,0
C230517005_CELL7062_N1,25.5874683817885,-39.4862846543635,3
C230517005_CELL7073_N1,-24.2888793422078,-32.983609711301,3
C230517005_CELL7101_N1,-26.0992530034604,42.9029967387197,2
C230517005_CELL7104_N1,42.1113844505556,-14.5156217186877,1
C230517005_CELL7123_N1,-37.8965314710388,22.4603339938379,0
C230517005_CELL7129_N1,40.933592552727,-23.6373370039911,1
C230517005_CELL7130_N1,3.15951449470183,-61.8484827158337,3
C230517005_CELL714_N2,58.1510121863931,0.873275293159607,1
C230517005_CELL7155_N1,7.34891943330744,-29.3323697806615,3
C230517005_CELL7168_N1,-24.2316355095756,-32.4693035230166,3
C230517005_CELL7174_N1,39.5419315303092,44.547878542897,1
C230517005_CELL7200_N1,19.7844721473393,52.055537830716,2
C230517005_CELL7219_N1,-1.67729075204168,13.4732004544348,2
C230517005_CELL7221_N1,12.8461929715467,10.8453883539575,2
C230517005_CELL723_N2,-13.3629111903501,58.491320759555,2
C230517005_CELL7254_N1,-28.1569456493213,41.4685970696063,2
C230517005_CELL7270_N1,71.7288749754548,-4.90607785150105,1
C230517005_CELL7291_N1,28.6089352401459,-34.6755496844436,3
C230517005_CELL729_N1,40.7544749524304,-1.16882792617445,1
C230517005_CELL7335_N1,38.224612159799,23.1724727706748,1
C230517005_CELL7336_N1,16.65197050619,24.7727717757501,2
C230517005_CELL737_N1,8.3817216729589,26.5246648076777,2
C230517005_CELL741_N3,25.4932785325812,32.2718404643061,2
C230517005_CELL745_N3,-12.8251333785532,-54.1940281488445,3
C230517005_CELL748_N2,-16.2659750895944,32.9095290612593,2
C230517005_CELL749_N4,20.0524021738617,21.0793979827874,2
C230517005_CELL74_N1,49.881535203773,14.8942596778886,1
C230517005_CELL750_N3,-21.3480610052898,23.2186308844496,2
C230517005_CELL751_N2,-46.77708308443,35.8307891423763,0
C230517005_CELL76_N1,-0.910310600479201,-41.5588352471688,3
C230517005_CELL771_N1,58.0071448526648,-12.8331965984752,1
C230517005_CELL775_N2,18.4254041821407,-47.1599437570447,3
C230517005_CELL781_N2,-39.6084800236291,-29.4035726476778,0
C230517005_CELL787_N2,26.7067623845957,35.3859718972122,2
C230517005_CELL791_N4,-6.26355323564157,9.07670126905447,2
C230517005_CELL792_N2,22.413111196398,-28.2390349797036,3
C230517005_CELL795_N3,-23.6903424416075,-31.9175068407325,3
C230517005_CELL801_N1,60.1049250389129,-13.5870712520996,1
C230517005_CELL803_N1,-1.20675108063243,-20.8001668797668,3
C230517005_CELL816_N3,-21.1240123554075,21.6510718153423,2
C230517005_CELL818_N3,3.9793881123322,-62.5524068336898,3
C230517005_CELL825_N2,42.4684341462975,19.9079493599813,1
C230517005_CELL834_N2,2.59026759539037,-39.9703705536708,3
C230517005_CELL835_N2,11.4103472937836,5.92747627700282,2
C230517005_CELL844_N2,-3.45177449693534,13.3849387868989,2
C230517005_CELL847_N2,36.0296841542313,-13.1822941313376,1
C230517005_CELL849_N1,23.5809599205191,-4.53968770361872,1
C230517005_CELL853_N2,-48.083612597773,20.5993670433134,0
C230517005_CELL891_N5,-19.8631611587692,23.0286544701343,2
C230517005_CELL892_N2,46.4545816137275,11.4791125841846,1
C230517005_CELL896_N2,12.0211883962169,-29.0712734074342,3
C230517005_CELL909_N2,17.5642444823041,5.48441680705886,1
C230517005_CELL916_N1,51.8630676596921,-8.06136091366066,1
C230517005_CELL917_N2,-16.5439237988412,-24.6444395970205,3
C230517005_CELL918_N2,-30.9191596022513,-38.8043633417361,3
C230517005_CELL925_N1,40.1795849459998,35.137828934581,1
C230517005_CELL932_N3,-31.1595030995917,-41.1897163897218,3
C230517005_CELL950_N4,-19.819233164681,-46.55326352821,3
C230517005_CELL953_N2,56.561899190489,33.6429352518239,1
C230517005_CELL960_N3,38.3721042168791,45.8628556264947,1
C230517005_CELL963_N2,18.3244095106464,-47.272011225917,3
C230517005_CELL96_N1,40.6512363758339,-29.3336207046613,1
C230517005_CELL972_N2,-25.6411654551261,36.0599207354583,2
C230517005_CELL984_N2,6.63182721833006,18.7541005178,2
C230517005_CELL98_N2,29.5992609213399,7.90280716135927,1
C230517005_CELL990_N5,-22.0509287512317,46.1737220564974,2
C230517005_CELL996_N2,17.4019809449944,45.9498293504462,2
C230517006_CELL1000_N3,25.0844747786239,35.3727155007491,2
C230517006_CELL1003_N3,12.1970975239256,-38.9726640649862,3
C230517006_CELL100_N1,-1.67755693233858,13.4727694266422,2
C230517006_CELL1013_N2,13.0150094414538,-45.8149320684761,3
C230517006_CELL1017_N2,-29.9799127303009,-0.0384231258011976,0
C230517006_CELL1027_N2,-21.9546489027605,56.5122489987398,2
C230517006_CELL1030_N2,49.4213467176021,-8.79243466456621,1
C230517006_CELL1045_N2,53.4780049187793,-36.1033812078863,1
C230517006_CELL1049_N1,30.141746237356,-38.0419627583892,3
C230517006_CELL1051_N3,46.2664077739968,-29.8105225243029,1
C230517006_CELL1060_N2,25.081880690159,-39.4803961216449,3
C230517006_CELL1068_N2,21.3393493206249,-43.9186942852571,3
C230517006_CELL1085_N2,-14.5822880823217,52.6577545888757,2
C230517006_CELL108_N4,-20.4667653679593,41.9061343564599,2
C230517006_CELL1100_N3,15.3677760100584,-46.3560947571474,3
C230517006_CELL1102_N2,-11.5800896623575,46.9822770821116,2
C230517006_CELL1110_N3,19.7578726887915,52.5215000627919,2
C230517006_CELL1115_N2,26.0447656143032,-39.0413210802661,3
C230517006_CELL1116_N2,-16.7005488855306,18.4740114665577,2
C230517006_CELL1126_N2,46.3036110465088,34.8099846863349,1
C230517006_CELL1128_N2,-8.78253725382368,12.1236255275046,2
C230517006_CELL1132_N2,-14.0617216308236,22.8060224442605,2
C230517006_CELL1147_N2,10.9234894178387,-2.045549937676,1
C230517006_CELL1148_N3,-1.09246655560486,-20.7714590915409,3
C230517006_CELL1149_N2,19.9082337900953,-10.3078052931439,1
C230517006_CELL1151_N4,-7.23081747907217,11.0446271830534,2
C230517006_CELL1165_N2,18.1845795722154,-29.5890478751201,3
C230517006_CELL1166_N1,52.5182465231222,-15.2868270431006,1
C230517006_CELL1192_N3,-43.7425180734767,22.7096723536417,0
C230517006_CELL1197_N2,-39.0123573200399,-32.889725385526,3
C230517006_CELL1203_N2,-9.50273875194124,-16.3616706641466,3
C230517006_CELL1205_N2,-17.7110034943707,23.789036377598,2
C230517006_CELL1211_N3,-36.3969073455763,-48.4763170680744,3
C230517006_CELL1217_N2,71.7548023026424,-8.24807553909367,1
C230517006_CELL1221_N1,0.495968316698554,-27.719045172277,3
C230517006_CELL1232_N2,-0.99648187354412,-51.0330822603431,3
C230517006_CELL1240_N2,-14.1301407421321,40.1017059553879,2
C230517006_CELL1258_N2,12.9700231712297,-44.8056330073573,3
C230517006_CELL125_N2,30.2178461782562,13.43074482268,1
C230517006_CELL1265_N3,-2.13583111053012,-54.2618104856878,3
C230517006_CELL1266_N3,-16.2194771072259,18.5744669773786,2
C230517006_CELL1269_N3,17.9934577843592,-50.0592386450555,3
C230517006_CELL1278_N2,-18.4517174617357,37.7602579466825,2
C230517006_CELL1295_N2,22.0071404034258,-38.3543091123437,3
C230517006_CELL1318_N2,53.1493966421087,-14.4026009691717,1
C230517006_CELL1327_N3,13.1270731552479,-43.0646932943164,3
C230517006_CELL1328_N3,-25.0165760388708,31.3294382522765,2
C230517006_CELL1334_N2,36.2111405127519,-16.6492236437116,1
C230517006_CELL1338_N4,7.37676800405409,7.91645366688455,2
C230517006_CELL1343_N5,-30.0144861043936,-51.3585609845055,3
C230517006_CELL1355_N1,41.6834359979635,1.34835805253806,1
C230517006_CELL1362_N1,36.0299676568663,-13.1858023550506,1
C230517006_CELL1363_N1,-15.8774230060675,-24.2935004678604,3
C230517006_CELL1364_N1,45.60263446986,26.5472641357591,1
C230517006_CELL1369_N1,58.8702603666391,1.08661546892355,1
C230517006_CELL137_N1,72.6379262997659,-7.97098712461267,1
C230517006_CELL1385_N1,7.03257146931087,-20.8044711931259,3
C230517006_CELL1390_N1,-16.550964559435,-36.0048451841608,3
C230517006_CELL1399_N1,41.6937879509172,-28.8684629248543,1
C230517006_CELL139_N2,26.5073539429643,-6.13035305321359,1
C230517006_CELL142_N2,-24.2831163194384,41.4791573891428,2
C230517006_CELL1432_N1,53.1520331994416,-14.4015666912324,1
C230517006_CELL144_N1,45.6244464430292,18.8664366401412,1
C230517006_CELL1465_N1,47.3971752365176,-1.6517740145113,1
C230517006_CELL146_N1,28.9047608837634,1.67069910531645,1
C230517006_CELL1471_N1,57.843968893853,-1.44480883641544,1
C230517006_CELL1509_N1,13.2184841862111,-26.2452769634877,3
C230517006_CELL1519_N1,22.5067304089952,-2.24978263530134,1
C230517006_CELL1523_N1,31.9315660253584,9.52549883653467,1
C230517006_CELL1525_N1,58.2641221071064,-4.12744627440879,1
C230517006_CELL1539_N1,41.2828476080752,-27.5814131142102,1
C230517006_CELL1550_N1,16.6012897276092,5.18191635182741,1
C230517006_CELL1562_N1,-11.6724753144011,45.8288826018096,2
C230517006_CELL1566_N1,45.8964078626429,34.6220066134741,1
C230517006_CELL157_N1,16.5864649726979,14.4471317893856,2
C230517006_CELL1580_N1,50.0405496241847,14.3437902948984,1
C230517006_CELL1586_N1,36.1741096430794,-16.7114315678803,1
C230517006_CELL1589_N1,41.566149408396,21.4393733459678,1
C230517006_CELL1591_N1,-12.231729543878,25.5771336221588,2
C230517006_CELL1609_N1,2.93133622582763,-45.1256018565663,3
C230517006_CELL1624_N1,74.3974420504104,-8.59278076492792,1
C230517006_CELL165_N3,37.5014801011008,24.4721821449655,1
C230517006_CELL1662_N1,-2.50735465197634,-54.7795190607111,3
C230517006_CELL1674_N1,42.2969847984614,-28.4993449723335,1
C230517006_CELL1676_N1,9.75066144014612,-29.0550744161333,3
C230517006_CELL1678_N1,24.1403799386322,-39.4384651989408,3
C230517006_CELL1681_N1,13.805283118728,9.59633080150236,2
C230517006_CELL169_N2,53.970117371089,-36.9647461833836,1
C230517006_CELL1711_N1,26.1819140379938,16.3345299126249,1
C230517006_CELL1742_N1,-29.6866890609408,0.355628094555569,0
C230517006_CELL1758_N1,72.5678724255488,-7.04368366307648,1
C230517006_CELL1760_N1,32.8550394254496,9.88747006912517,1
C230517006_CELL176_N2,10.5577087847291,-29.5265403266042,3
C230517006_CELL1772_N1,3.28535509017449,-15.4461549430707,3
C230517006_CELL1773_N1,36.4553204043515,-4.88361261403788,1
C230517006_CELL1775_N1,-3.53038357065854,-22.3712757135887,3
C230517006_CELL1780_N1,65.6808966580689,-2.3525486398101,1
C230517006_CELL1782_N1,-23.5878069268995,16.4109387719008,0
C230517006_CELL1783_N1,9.17738754077508,-13.2961708987227,3
C230517006_CELL1785_N1,-28.6408991613937,5.8377042463097,0
C230517006_CELL178_N2,30.9830612014915,24.0718364532461,1
C230517006_CELL1801_N1,15.6736771158117,15.5130247443833,2
C230517006_CELL181_N3,-42.4283393719048,-34.6494146097315,0
C230517006_CELL184_N1,39.3261635801022,-1.91625266861412,1
C230517006_CELL187_N2,-3.51683573724999,-22.5091529444979,3
C230517006_CELL1880_N1,-39.5132145737004,14.5380215025122,0
C230517006_CELL1912_N1,17.2021991240215,-30.0360144287337,3
C230517006_CELL1974_N1,39.4101738826185,-7.26054096976557,1
C230517006_CELL1982_N1,-15.6422626404587,-25.0079608220944,3
C230517006_CELL1990_N1,-4.4632543210262,-6.85437017897883,3
C230517006_CELL2021_N1,53.475776100394,-36.1127645064436,1
C230517006_CELL2041_N1,27.3647972215789,-51.0944888341539,3
C230517006_CELL2049_N1,-0.765657727481207,-38.0110860876835,3
C230517006_CELL205_N3,41.1267477622489,-10.5828859352456,1
C230517006_CELL2061_N1,54.675623602456,10.4593079051379,1
C230517006_CELL2083_N1,68.6255664758078,-7.78416685459894,1
C230517006_CELL2097_N1,-30.0218928872811,-51.3510074193076,3
C230517006_CELL2098_N1,-34.7007067712581,-35.5265737223949,3
C230517006_CELL209_N2,36.3554313286416,48.066994004644,2
C230517006_CELL2107_N1,-12.7054672328707,-54.539144290704,3
C230517006_CELL2128_N1,19.729641688018,-36.6485426293659,3
C230517006_CELL2130_N1,42.5080380615504,2.34821590484218,1
C230517006_CELL2148_N1,19.2362796997586,-6.1890038587686,1
C230517006_CELL2150_N1,65.6734621160236,-2.34440307613506,1
C230517006_CELL2168_N1,2.08936572191841,-23.9611933508176,3
C230517006_CELL216_N2,36.3427236406186,19.5114771752768,1
C230517006_CELL2171_N1,54.4792467209264,14.1862102084502,1
C230517006_CELL2207_N1,27.1813711822871,-34.7298139076023,3
C230517006_CELL2210_N1,70.1108260694295,-5.15249921544789,1
C230517006_CELL2218_N1,-17.8653991869598,-51.887438329098,3
C230517006_CELL2222_N1,27.1123707056037,-3.52257627353485,1
C230517006_CELL223_N3,-21.7574163706291,-30.1054205813717,3
C230517006_CELL224_N1,21.0687417746531,-9.79898582830831,1
C230517006_CELL2253_N1,5.07037079955766,18.2531330797484,2
C230517006_CELL2254_N1,0.772144910294167,-38.201269317048,3
C230517006_CELL2261_N1,65.1996735492312,2.78514988488205,1
C230517006_CELL2262_N1,-18.8161515611716,37.3920250298554,2
C230517006_CELL2263_N1,41.4307866010952,-27.7062315095715,1
C230517006_CELL2296_N1,2.42165449754082,-36.7243868637226,3
C230517006_CELL2326_N1,-48.8317595272715,21.016794265915,0
C230517006_CELL2334_N1,70.3411295452755,-8.2989754205318,1
C230517006_CELL2339_N1,15.1991880555044,-31.9775126012648,3
C230517006_CELL2360_N1,20.3334133285033,31.5837857285564,2
C230517006_CELL2375_N1,-26.9620698592853,33.8920850435049,2
C230517006_CELL2383_N1,14.8904564848136,-53.2241085086578,3
C230517006_CELL2390_N1,-32.2041750841074,24.9970468641916,0
C230517006_CELL2391_N1,48.047900444321,-20.3726698088299,1
C230517006_CELL2400_N1,-0.50569077944494,-50.0556823354355,3
C230517006_CELL2406_N1,14.4497876976458,-23.0509808188691,3
C230517006_CELL240_N2,-37.7180296560071,-29.5840159536137,0
C230517006_CELL2422_N1,2.70112745119928,-27.2128537564951,3
C230517006_CELL2439_N1,54.9712877709341,15.7027309122436,1
C230517006_CELL2450_N1,33.0741584020649,34.4219734464962,1
C230517006_CELL2465_N1,-15.8400784169546,31.1487133615744,2
C230517006_CELL2473_N1,36.2468161405795,-4.27645696803622,1
C230517006_CELL2487_N1,-35.5604976732914,-47.3930311249194,3
C230517006_CELL2495_N1,21.326282282185,-43.9305193221716,3
C230517006_CELL2497_N1,-4.8388857456085,-46.5716005359388,3
C230517006_CELL2508_N1,54.6746785236246,13.8209471323619,1
C230517006_CELL2528_N1,49.2497453831642,-2.92415248908978,1
C230517006_CELL2533_N1,42.9786794156066,-15.8422806840751,1
C230517006_CELL255_N3,-34.3395257356948,11.2077485640794,0
C230517006_CELL2574_N1,62.7207935100898,0.259673505719467,1
C230517006_CELL2590_N1,33.1325857181361,25.115167032896,1
C230517006_CELL2603_N1,18.1263612177326,-36.8869573944327,3
C230517006_CELL2605_N1,9.45317937943984,5.45313790226845,2
C230517006_CELL2620_N1,71.7947671723132,-6.68123225211562,1
C230517006_CELL2625_N1,73.1749146849548,-5.51035784957198,1
C230517006_CELL263_N4,-18.847271563806,46.2063646196219,2
C230517006_CELL2670_N1,19.4809657417145,-27.1652595666915,3
C230517006_CELL2683_N1,19.3539697589298,-40.4656618204374,3
C230517006_CELL2685_N1,-18.1984304117374,-35.9969335538233,3
C230517006_CELL2694_N1,-36.1492188055893,-31.0870714840113,3
C230517006_CELL2708_N1,30.1600866576786,34.5564155860732,2
C230517006_CELL2715_N1,11.4136113509746,0.931243826110497,1
C230517006_CELL2721_N1,36.3640038037739,48.0711193747092,2
C230517006_CELL2737_N1,4.0222547309754,-21.9512242743033,3
C230517006_CELL2738_N1,49.3140527317331,-2.92873514955503,1
C230517006_CELL2740_N1,42.689889319742,13.0893094611253,1
C230517006_CELL2744_N1,-14.450368799481,-25.5034261238496,3
C230517006_CELL274_N4,-15.8763535281391,-24.7099000615678,3
C230517006_CELL2763_N1,64.7109170660069,3.20923851218476,1
C230517006_CELL2766_N1,41.8783431567723,-0.892455783451949,1
C230517006_CELL276_N2,-31.8087603522794,-40.0825839777916,3
C230517006_CELL2771_N1,31.4024286630153,-1.57750698087399,1
C230517006_CELL277_N2,-28.3543932755405,-39.1360392194878,3
C230517006_CELL2780_N1,15.5521100716199,-20.8700331641787,3
C230517006_CELL2783_N1,25.4961058035496,2.36069041198065,1
C230517006_CELL2787_N1,42.1690993624451,2.5784615602374,1
C230517006_CELL2792_N1,19.9020663026257,-10.3027975285468,1
C230517006_CELL2797_N1,58.2605130281853,-29.1937666353478,1
C230517006_CELL2804_N1,38.8830818159351,13.9964812186757,1
C230517006_CELL2818_N1,2.78123741111953,-40.6723392506711,3
C230517006_CELL2834_N1,-28.3952430854521,-39.7082334787467,3
C230517006_CELL2837_N1,35.3867495193753,48.7483438299824,2
C230517006_CELL283_N3,-15.2785277493672,-37.3817221059265,3
C230517006_CELL2848_N1,49.6606650071703,14.4065470114385,1
C230517006_CELL2865_N1,10.131375121995,-20.0510063969508,3
C230517006_CELL2885_N1,37.6219614662211,17.1376557418432,1
C230517006_CELL2891_N1,-16.4187250035525,-25.1847829252903,3
C230517006_CELL2898_N1,-25.5816458966693,37.764203658629,2
C230517006_CELL2904_N1,-44.0531319799597,23.5053566354239,0
C230517006_CELL2906_N1,73.3408450955333,-9.97965405008259,1
C230517006_CELL2916_N1,-24.1708982072694,-33.8420031435777,3
C230517006_CELL2921_N1,58.3801961898611,-19.8874065507059,1
C230517006_CELL2950_N1,15.4280092646192,-26.7906853183659,3
C230517006_CELL296_N2,30.4231336082987,-32.6006816161988,3
C230517006_CELL2972_N1,0.582987846227922,-57.2460607357174,3
C230517006_CELL2975_N1,45.1203332837358,29.1789323070008,1
C230517006_CELL2996_N1,71.0671961233065,-6.6448362191273,1
C230517006_CELL2998_N1,-29.9386623790662,-26.8869903646348,3
C230517006_CELL3002_N1,9.62596656125598,-26.0046740291061,3
C230517006_CELL3015_N1,22.5272743597423,-2.27175398842779,1
C230517006_CELL3020_N1,33.3497250447179,24.4220024998973,1
C230517006_CELL3042_N1,27.5318408306,-8.52113532794746,1
C230517006_CELL3055_N1,20.0468990003677,21.0791304591506,2
C230517006_CELL3072_N1,-28.5951316085855,-45.7128615546975,3
C230517006_CELL3107_N1,6.53891846847843,-19.2276406336132,3
C230517006_CELL310_N2,-25.202457931512,37.7229447416556,2
C230517006_CELL3117_N1,-13.2250173785179,22.4449965476371,2
C230517006_CELL3135_N1,-34.1995614380983,7.52074393580195,0
C230517006_CELL3137_N1,19.9148816188253,18.6545564809,2
C230517006_CELL3146_N1,24.7047338809514,-25.4896693967281,3
C230517006_CELL3150_N1,33.3046710989683,24.7993656405117,1
C230517006_CELL3156_N1,-35.6515039077624,-47.5085957415127,3
C230517006_CELL3157_N1,69.1054624943598,-9.09966582307545,1
C230517006_CELL315_N3,-39.6357848359749,-34.0490483626283,3
C230517006_CELL3173_N1,16.1156981939179,-30.9562649461472,3
C230517006_CELL3174_N1,-13.2802449760406,58.1076523028109,2
C230517006_CELL3177_N1,50.4423893076552,1.6069577507496,1
C230517006_CELL3178_N1,50.3150199822552,25.7428836421874,1
C230517006_CELL3190_N1,38.8947318589638,14.0322555311346,1
C230517006_CELL322_N1,-35.3559812457773,-34.3760091641909,3
C230517006_CELL323_N2,-27.5535410755235,-24.1214823659252,3
C230517006_CELL3244_N1,39.2645108558864,44.8380634540444,1
C230517006_CELL3247_N1,-1.68220220504367,-34.6881364409092,3
C230517006_CELL324_N1,39.4061292448144,-7.25902504359373,1
C230517006_CELL325_N3,-14.0004888532548,22.7002115861326,2
C230517006_CELL3262_N1,24.7043307186876,-25.4900404036656,3
C230517006_CELL3273_N1,20.5012334282877,-9.70144101184544,1
C230517006_CELL3276_N1,58.3511512236578,-27.8262998356577,1
C230517006_CELL3282_N1,58.4682771883835,1.36043026181817,1
C230517006_CELL32_N1,-37.3310557432516,-29.3791456066369,0
C230517006_CELL3311_N1,7.40230938176577,-12.1941610736851,3
C230517006_CELL3312_N1,53.30473012437,-14.3040361707242,1
C230517006_CELL3318_N1,52.751977516477,-5.9559930220387,1
C230517006_CELL3352_N1,23.7052228145117,1.74837160690137,1
C230517006_CELL335_N1,-6.55870851012253,6.31524651239405,2
C230517006_CELL3364_N1,25.8311292580031,17.3586504135421,1
C230517006_CELL3405_N1,16.9812836214676,-19.9047018064993,3
C230517006_CELL3416_N1,-45.8157265925742,37.5693984321753,0
C230517006_CELL3424_N1,16.090439669244,-19.7993015377068,3
C230517006_CELL3432_N1,26.9215209313836,-53.8740982388852,3
C230517006_CELL343_N1,-28.4435397699523,-39.414223560693,3
C230517006_CELL3453_N1,-2.0989606061947,-55.5432889570606,3
C230517006_CELL3460_N1,-40.8101511963753,33.3072097554044,0
C230517006_CELL3475_N1,-40.6048060121307,-42.146949169343,3
C230517006_CELL3499_N1,47.4736553796158,-1.00507358385496,1
C230517006_CELL3502_N1,-54.1602047838681,27.2126131446265,0
C230517006_CELL3509_N1,50.2978229622665,5.81710328886837,1
C230517006_CELL351_N1,51.3284811771448,26.2511395371567,1
C230517006_CELL3535_N1,-18.5536645032465,18.1059728691099,2
C230517006_CELL3536_N1,46.4547164312745,11.4788166359432,1
C230517006_CELL3547_N1,42.2968251838105,-28.498029078547,1
C230517006_CELL3571_N1,39.2643185558293,44.8382820210511,1
C230517006_CELL357_N2,-12.708476799359,-54.5568238429692,3
C230517006_CELL3588_N1,37.3684347034115,-5.76462088891399,1
C230517006_CELL358_N2,45.1195736848325,29.1758734590093,1
C230517006_CELL3607_N1,-29.3023163688692,16.6495554068984,0
C230517006_CELL3614_N1,71.9355758617043,-10.7340352026853,1
C230517006_CELL3620_N1,21.9930423716864,-38.3815889264886,3
C230517006_CELL3638_N1,11.6788110367173,-45.8374523701116,3
C230517006_CELL3651_N1,26.4746763562442,-33.9374407903577,3
C230517006_CELL3655_N1,24.9362051783003,8.92808847480233,1
C230517006_CELL3658_N1,5.91514647899813,16.553497839125,2
C230517006_CELL3691_N1,12.6462448610107,-28.3769439888434,3
C230517006_CELL3698_N1,14.0680470507434,-24.0871995451991,3
C230517006_CELL3709_N1,2.66432937703722,-9.45426303888238,3
C230517006_CELL372_N3,38.3544841611807,45.8893670485741,1
C230517006_CELL3732_N1,16.8689502379567,14.1637766892445,2
C230517006_CELL3739_N1,46.2668571438877,-29.8083083497322,1
C230517006_CELL3742_N1,2.7182411957248,-31.7596570920537,3
C230517006_CELL3790_N1,71.699801676128,-9.03348632888766,1
C230517006_CELL3792_N1,1.42195172592785,-38.3351081205412,3
C230517006_CELL37_N3,23.8300265433566,35.2894931806027,2
C230517006_CELL3800_N1,46.0050566882077,-18.0869614300599,1
C230517006_CELL3802_N1,-34.5932133886088,-35.9213014027556,3
C230517006_CELL380_N3,25.3412347254536,12.6919796625391,1
C230517006_CELL3811_N1,48.3454349833375,-20.0923168613053,1
C230517006_CELL3819_N1,53.4811424679519,-36.1072159118562,1
C230517006_CELL382_N2,18.2066752287337,5.75446250631249,1
C230517006_CELL3830_N1,-1.44403748748193,-55.8694134331873,3
C230517006_CELL3831_N1,4.99240843609731,-27.4259643966377,3
C230517006_CELL3856_N1,6.5386547299053,-19.2275528765694,3
C230517006_CELL385_N3,18.6646948661834,-34.1459892340261,3
C230517006_CELL3871_N1,50.4301585545929,1.59483209632611,1
C230517006_CELL3879_N1,17.705498309108,-46.0180120081446,3
C230517006_CELL3880_N1,19.7944054472562,51.5391381624358,2
C230517006_CELL3883_N1,42.4713206801203,19.908433583131,1
C230517006_CELL3885_N1,15.1502096114748,-52.6419545666028,3
C230517006_CELL3886_N1,71.2332570867055,-7.7920327843544,1
C230517006_CELL3893_N1,24.0765024142968,6.56206408213101,1
C230517006_CELL3905_N1,27.208268690407,-51.2132403064863,3
C230517006_CELL391_N2,-12.5344137031424,-51.1686476547578,3
C230517006_CELL3926_N1,56.9570154008476,33.5424064636643,1
C230517006_CELL3929_N1,48.2013245624979,-19.9713463371238,1
C230517006_CELL3940_N1,19.6891302450421,53.3451986445428,2
C230517006_CELL3970_N1,70.9931350394158,-8.81024213895043,1
C230517006_CELL3976_N1,69.020460288617,-6.3134078229983,1
C230517006_CELL397_N2,33.3047608626794,24.7881938766692,1
C230517006_CELL4007_N1,9.58655672509883,-26.0753489782667,3
C230517006_CELL4017_N1,3.98653114526599,-21.7786697910107,3
C230517006_CELL4028_N1,19.8986198967056,-27.3709846530472,3
C230517006_CELL403_N1,64.448152111538,0.261965956844712,1
C230517006_CELL4062_N1,54.6659443331615,10.4683554259699,1
C230517006_CELL408_N1,7.36246800085745,-29.2690213843951,3
C230517006_CELL413_N5,-12.0887814892722,0.672943532123844,0
C230517006_CELL420_N2,3.00822055781783,44.3555200057642,2
C230517006_CELL424_N1,15.2890535325061,47.435137138466,2
C230517006_CELL437_N2,13.1934802734541,35.7505758040872,2
C230517006_CELL442_N1,-1.61467488646644,-35.8535818783694,3
C230517006_CELL448_N2,41.4890808652385,15.7677093882392,1
C230517006_CELL449_N2,-2.15688332659814,-56.5750973570557,3
C230517006_CELL456_N2,-1.65743380995536,-35.2032130627836,3
C230517006_CELL463_N2,3.75181436954664,43.859736963726,2
C230517006_CELL467_N1,-39.8704885708905,-29.3887204955847,0
C230517006_CELL469_N2,4.22838779597207,-26.5882962063266,3
C230517006_CELL471_N1,43.3003714222199,-26.9451598906968,1
C230517006_CELL473_N1,49.4338663773441,-8.79327007758839,1
C230517006_CELL474_N2,52.7632887810593,-35.3756425442335,1
C230517006_CELL483_N1,-0.225851131436043,40.9279358132195,2
C230517006_CELL484_N2,-37.8938761616791,22.6054343485371,0
C230517006_CELL491_N4,23.4362768218092,19.9670824158097,1
C230517006_CELL505_N1,-21.3976132274322,24.0459870294724,2
C230517006_CELL506_N2,42.1696736867773,2.57901735523337,1
C230517006_CELL514_N2,48.2882005954413,-20.0272232005052,1
C230517006_CELL523_N2,-25.1426641968831,16.5682674694609,0
C230517006_CELL533_N3,-7.67248297173591,35.5791003667283,2
C230517006_CELL534_N2,17.3742118891745,-1.48848217819411,1
C230517006_CELL538_N3,-28.1813267422882,-39.8009128363602,3
C230517006_CELL53_N8,-57.1670287779434,27.8995848008862,0
C230517006_CELL548_N3,33.232489273626,10.4258840306646,1
C230517006_CELL560_N3,-37.2940322171963,-29.9066617701453,0
C230517006_CELL580_N2,12.1378650668815,23.60914614412,2
C230517006_CELL587_N4,-37.2903228603371,-29.9304716398757,0
C230517006_CELL589_N2,70.9276663732869,-8.35265404061111,1
C230517006_CELL59_N1,21.7994041210862,-38.773874033795,3
C230517006_CELL601_N1,36.9728929632807,-17.1806401510362,1
C230517006_CELL606_N3,-11.4047163987839,47.7946404755394,2
C230517006_CELL608_N2,46.7544048993292,-19.0819774657868,1
C230517006_CELL610_N2,-16.0303267870657,-20.7313196012393,3
C230517006_CELL621_N4,-31.1234634401368,-41.2202756592386,3
C230517006_CELL623_N2,25.392860832533,17.7894422615432,1
C230517006_CELL628_N1,25.4360732885108,2.51110357840193,1
C230517006_CELL62_N1,52.7522146453847,-5.95591332516621,1
C230517006_CELL645_N2,36.6028231882877,-4.87523246242129,1
C230517006_CELL652_N4,-60.5805247856101,13.4905700459636,0
C230517006_CELL654_N2,-23.3289756921777,48.7897761114379,2
C230517006_CELL660_N8,-17.6968199090898,45.0360346673218,2
C230517006_CELL662_N2,61.7713095073396,1.44642583659239,1
C230517006_CELL66_N2,2.50554027534321,44.6906955379519,2
C230517006_CELL688_N2,25.8664370080062,-40.5007304622904,3
C230517006_CELL689_N2,-15.3299584583987,-45.3521816424209,3
C230517006_CELL724_N2,14.4870697223368,-22.8939460041751,3
C230517006_CELL731_N2,-13.8677901660962,-39.3593766620785,3
C230517006_CELL733_N2,19.2580519418129,-38.9370403686864,3
C230517006_CELL738_N1,30.1411330545178,18.9219295914056,1
C230517006_CELL741_N2,29.8161199402812,-33.4598715062919,3
C230517006_CELL744_N2,-42.9398073997972,6.63936119831558,0
C230517006_CELL745_N2,-13.6676634838906,57.3959579445565,2
C230517006_CELL752_N2,2.92291375354949,-45.1113361396528,3
C230517006_CELL770_N3,-14.7560354058034,-38.3732440512417,3
C230517006_CELL772_N2,-40.6199077725956,-34.3189035906459,3
C230517006_CELL776_N2,41.1610985708227,-11.7543648727417,1
C230517006_CELL777_N2,-13.0157487230229,33.6772527664024,2
C230517006_CELL77_N1,16.5251790489187,-18.0249714069447,3
C230517006_CELL783_N2,0.123474642432192,41.5677927052823,2
C230517006_CELL792_N1,28.1537137414242,1.5263905419593,1
C230517006_CELL797_N2,-13.3850446892177,58.0127786822433,2
C230517006_CELL803_N2,-18.4537556163916,-51.2853833880467,3
C230517006_CELL807_N2,-1.33694530488056,-51.919354263249,3
C230517006_CELL811_N2,26.7783267400769,17.9900103080161,1
C230517006_CELL819_N3,-15.1461842489507,-23.0437299868107,3
C230517006_CELL829_N3,25.1872589457855,12.5564962611845,1
C230517006_CELL836_N2,5.96481706034364,16.7657703952298,2
C230517006_CELL83_N3,-2.37578658497613,-43.3318247670304,3
C230517006_CELL842_N2,-44.3711567734616,24.8479712493845,0
C230517006_CELL844_N3,25.470814302978,9.13139314895462,1
C230517006_CELL847_N2,52.2869702357943,15.3460365740849,1
C230517006_CELL861_N3,-49.227725259637,0.899763869504329,0
C230517006_CELL86_N2,-46.2372221984223,35.4888867309125,0
C230517006_CELL877_N2,22.783382025011,-5.84043051283528,1
C230517006_CELL879_N2,3.02092901314526,-31.9935609720822,3
C230517006_CELL88_N1,65.6808966631042,-2.35254863966579,1
C230517006_CELL899_N2,-37.6205899346071,-27.2533494625995,0
C230517006_CELL905_N3,42.1693940901309,2.57871619715202,1
C230517006_CELL910_N2,26.6829160595834,-6.76874587157068,1
C230517006_CELL915_N3,50.2978820587356,5.81726763211181,1
C230517006_CELL916_N1,-16.0397165711124,-20.7147545762768,3
C230517006_CELL918_N1,-11.7780527813588,22.1045360281431,2
C230517006_CELL925_N1,58.3855667754329,-19.8824151583473,1
C230517006_CELL946_N1,31.3809588884833,-1.57925929022116,1
C230517006_CELL94_N3,51.053271322254,0.168815795598919,1
C230517006_CELL952_N2,12.9474205871164,-45.8555956954205,3
C230517006_CELL955_N3,-18.5354719672502,34.4021965647216,2
C230517006_CELL960_N4,8.06687235588416,9.56491085429763,2
C230517006_CELL976_N2,26.2199018670008,-38.7311513283875,3
C230517006_CELL981_N3,-50.8363680388477,22.1145071482922,0
C230517006_CELL983_N2,16.6869284387952,-46.8676946746919,3
C230517006_CELL986_N2,22.1261937189128,-38.2055434528991,3
C230517009_CELL10009_N1,-2.90165768292796,-5.68052700475502,3
C230517009_CELL1002_N2,-22.1473022929413,8.11014014023199,0
C230517009_CELL10122_N1,-14.7549593781827,0.532383316778313,0
C230517009_CELL10138_N1,45.2615729168514,34.572558394312,1
C230517009_CELL10181_N1,-56.3534472463806,18.0744366564382,0
C230517009_CELL10187_N1,0.204891598973013,41.2680647649027,2
C230517009_CELL1020_N1,59.6176290091511,22.4943014107253,1
C230517009_CELL10258_N1,12.0689603383365,48.4195530446727,2
C230517009_CELL1025_N4,-37.8342202933483,24.0953846107299,0
C230517009_CELL1026_N4,-46.7887278132999,35.8356941617543,0
C230517009_CELL1034_N1,2.12649860092041,-6.12612046276037,3
C230517009_CELL10452_N1,-4.31395674044884,-12.0721322716339,3
C230517009_CELL1050_N3,1.32464245303438,38.2989472506717,2
C230517009_CELL1054_N3,-56.1878312444243,-23.8007012458176,0
C230517009_CELL10635_N1,-18.6000373065933,11.3398371293922,0
C230517009_CELL10736_N1,29.6120749487131,-16.7011069448569,1
C230517009_CELL1076_N2,-13.8564938557682,0.210107132983848,0
C230517009_CELL109_N1,15.6837796537808,45.0876315673488,2
C230517009_CELL11038_N1,-13.8071142028782,-17.6650565212849,3
C230517009_CELL11055_N1,-30.747461510675,14.7286182956908,0
C230517009_CELL11144_N1,-12.0684333467323,63.0257786354123,2
C230517009_CELL111_N1,-43.6589236595068,22.550709878898,0
C230517009_CELL11249_N1,70.29206950588,-7.50801005688929,1
C230517009_CELL11285_N1,-11.1903580533738,-13.8226156950131,3
C230517009_CELL11332_N1,-5.5081290710026,-6.37110983402993,3
C230517009_CELL1136_N1,-14.1775476587594,-53.0138195177625,3
C230517009_CELL11408_N1,0.910702359830885,-14.3251239549273,3
C230517009_CELL11433_N1,4.30994909478843,31.032222624896,2
C230517009_CELL1143_N1,-5.92692767489047,21.7092058279625,2
C230517009_CELL11480_N1,20.0356344950943,45.3103100552884,2
C230517009_CELL11514_N1,-13.1818991673755,-25.4675547289012,3
C230517009_CELL1153_N1,-23.5177234817709,5.77742267293512,0
C230517009_CELL11555_N1,-2.51885338846621,-13.9605172831226,3
C230517009_CELL11636_N1,18.0136714465872,49.7213083993949,2
C230517009_CELL11680_N1,18.393037049409,47.1463293003321,2
C230517009_CELL116_N1,41.2896551499357,4.62122676445937,1
C230517009_CELL11714_N1,-29.2871896362283,16.6346537114989,0
C230517009_CELL11765_N1,-20.2535477342357,-6.15118041404799,0
C230517009_CELL11810_N1,-11.4204630522481,-13.7112705803485,3
C230517009_CELL11841_N1,-21.434993637034,-9.21975952611071,0
C230517009_CELL11985_N1,-34.4147819336336,-3.99689525247115,0
C230517009_CELL12063_N1,-6.74164641091566,-6.15011032685988,3
C230517009_CELL1210_N3,-48.2659629455922,-17.679701922632,0
C230517009_CELL12127_N1,40.1768237324959,35.1387032747858,1
C230517009_CELL12275_N1,-17.5208476068689,1.47682135064463,0
C230517009_CELL12296_N1,-38.7649693463735,18.1900859577356,0
C230517009_CELL12366_N1,-35.0551568458925,10.2227625769746,0
C230517009_CELL12422_N1,6.87960583434275,29.7601027119877,2
C230517009_CELL12563_N1,34.9575775572482,36.9967293014851,1
C230517009_CELL1257_N1,-39.2037877510367,14.7311506525128,0
C230517009_CELL12646_N1,-19.4761482754574,51.1854593433361,2
C230517009_CELL12756_N1,4.65262871095272,-4.20353662227847,3
C230517009_CELL12833_N1,0.487652438943321,-27.7197605397529,3
C230517009_CELL12878_N1,-56.5675433825911,-20.6781792738874,0
C230517009_CELL12975_N1,-35.64369930733,12.1502818564331,0
C230517009_CELL1301_N6,-4.0671357005829,5.65974830955074,2
C230517009_CELL13041_N1,2.07435093941074,39.0615276471997,2
C230517009_CELL13079_N1,29.6429961969814,-18.2298088267703,1
C230517009_CELL1316_N2,-40.452497336987,9.17798749681916,0
C230517009_CELL13174_N1,-42.4103142793887,-11.9297059697603,0
C230517009_CELL1322_N4,-57.4291980911444,15.3773858367586,0
C230517009_CELL13276_N1,-4.62176133964807,5.22279468362113,2
C230517009_CELL132_N2,16.4634519005957,33.2372910214583,2
C230517009_CELL13334_N1,-18.7203449530847,36.4248285698558,2
C230517009_CELL13418_N1,9.92649587830662,36.8507664165212,2
C230517009_CELL13442_N1,10.6477496643411,25.2811245032624,2
C230517009_CELL13867_N1,-16.5010467295792,31.9173049805716,2
C230517009_CELL1394_N2,-47.709880307191,-14.2422272947118,0
C230517009_CELL1398_N2,-54.9525842374199,-7.21492713198159,0
C230517009_CELL14148_N1,-21.6027976965877,-8.42565489303377,0
C230517009_CELL14158_N1,-20.2670450335197,-6.68661336135507,0
C230517009_CELL1433_N2,-21.5716461845982,47.2273455338197,2
C230517009_CELL14367_N1,27.2809855074119,-51.1788814421994,3
C230517009_CELL14368_N1,-56.1336521227309,-23.7665111436388,0
C230517009_CELL14373_N1,-53.1216424066832,28.7879035543343,0
C230517009_CELL14380_N1,56.5802821800028,33.6606046419271,1
C230517009_CELL14636_N1,-3.99640761641308,-12.5919739730694,3
C230517009_CELL1466_N5,-40.6857663502195,-12.7426594708959,0
C230517009_CELL146_N1,4.40858365677107,31.0361151050319,2
C230517009_CELL1480_N2,-7.48858742410947,8.65133249317818,2
C230517009_CELL14908_N1,2.3961243822333,0.590313746126959,2
C230517009_CELL14990_N1,56.137347582874,33.5344227723719,1
C230517009_CELL15055_N1,-22.7226746102201,-14.9574329783117,0
C230517009_CELL15085_N1,-2.34020334895526,-0.886302044289393,3
C230517009_CELL15094_N1,2.91786794837546,40.8266429902052,2
C230517009_CELL15179_N1,29.7640850316675,-19.393333001412,1
C230517009_CELL15209_N1,-55.77899253386,-20.487893358263,0
C230517009_CELL15226_N1,-42.2818115084715,33.7758542733715,0
C230517009_CELL15377_N1,-5.68587826367664,-6.41081276734413,3
C230517009_CELL15416_N1,4.6639070593403,-4.20038701997619,3
C230517009_CELL15432_N1,-10.4005689440433,-10.4176073900241,3
C230517009_CELL15608_N1,-50.0134790599728,21.5748566967352,0
C230517009_CELL15653_N1,-55.0636536125622,-17.3408482392738,0
C230517009_CELL15665_N1,-47.0245715664156,5.98042776751188,0
C230517009_CELL1570_N2,-5.93934588694806,23.3212242694738,2
C230517009_CELL15801_N1,58.2094147101501,25.5912077215315,1
C230517009_CELL15834_N1,-31.3677412053251,31.513352650881,2
C230517009_CELL1583_N1,24.0868411729998,6.53270837372551,1
C230517009_CELL15919_N1,8.77155161993213,26.6442291379322,2
C230517009_CELL1594_N2,-4.23193144071534,-10.5654256305678,3
C230517009_CELL16095_N1,6.53841793259576,-19.2283309375636,3
C230517009_CELL16102_N1,45.9435274034967,34.6149649954026,1
C230517009_CELL1644_N1,5.49437197302893,30.7939681498194,2
C230517009_CELL1680_N2,-34.8159208578373,-18.4637948667882,0
C230517009_CELL1684_N3,-54.8035994113082,25.9180532039644,0
C230517009_CELL1694_N3,-45.295239040901,-12.6147906599413,0
C230517009_CELL1784_N2,-26.7880598906059,37.8575130934427,2
C230517009_CELL1792_N1,7.22784446320246,42.0021616554293,2
C230517009_CELL1824_N2,-36.1611729167474,-18.0163319155145,0
C230517009_CELL1856_N2,-21.662104049809,-10.7895866694044,0
C230517009_CELL1889_N1,65.1988499990371,2.78449896219474,1
C230517009_CELL1896_N1,60.0030648793836,22.7741679014487,1
C230517009_CELL1925_N2,17.4221823260284,45.9426481879461,2
C230517009_CELL194_N3,-10.6283492504318,37.2688881601659,2
C230517009_CELL1983_N2,-5.57760513937462,13.5942559959802,2
C230517009_CELL2001_N3,-36.9252140368927,6.25429802216231,0
C230517009_CELL2020_N3,-53.780056242986,-14.7705780100531,0
C230517009_CELL213_N4,-14.0554285906644,-17.1282794799558,3
C230517009_CELL2150_N2,-56.0933803749191,-12.6768952645509,0
C230517009_CELL2204_N1,-18.6820693063334,12.3522473680758,0
C230517009_CELL2218_N2,10.5536238895823,36.5189095278294,2
C230517009_CELL2233_N2,40.1769594737141,35.1387448181986,1
C230517009_CELL224_N1,18.2907347948799,46.8855556354868,2
C230517009_CELL22_N1,-35.3547669828672,-17.4564154623497,0
C230517009_CELL2302_N1,-4.31084433371527,-12.0480474572925,3
C230517009_CELL2307_N3,-46.4191526582572,6.11546861398014,0
C230517009_CELL2332_N3,-53.5973274749029,-6.7540779245102,0
C230517009_CELL2343_N2,-25.7346511998588,16.6319657413401,0
C230517009_CELL2424_N2,-11.1293912278541,56.5203200740805,2
C230517009_CELL2429_N1,10.6153434682546,20.7425391974142,2
C230517009_CELL2442_N1,-57.6685194986205,-11.788313112166,0
C230517009_CELL245_N1,16.6841491830323,24.9669030898422,2
C230517009_CELL2475_N4,-53.9762346702705,15.5900695795767,0
C230517009_CELL247_N1,25.7295410691701,-24.7785265386198,3
C230517009_CELL2482_N3,-32.2137106169572,24.9741154671096,0
C230517009_CELL2521_N4,-50.4012422410359,39.1099370371537,0
C230517009_CELL257_N4,-14.2504292509291,26.4004169420212,2
C230517009_CELL2594_N1,-41.14574008199,-9.81530603918583,0
C230517009_CELL2614_N2,-49.9470750304798,-24.6961003531887,0
C230517009_CELL2637_N2,-47.3670642705058,35.9874131575896,0
C230517009_CELL2639_N2,-21.6600120302603,-13.6441205515906,0
C230517009_CELL2659_N5,-11.4671998993553,25.5529617600731,2
C230517009_CELL2676_N2,-56.2678988258211,17.643696989534,0
C230517009_CELL2708_N2,-42.3785711641175,33.3327126273315,0
C230517009_CELL2728_N2,-35.3182447145521,-17.5222381017434,0
C230517009_CELL2741_N2,-37.5555730160836,-13.823370157423,0
C230517009_CELL2750_N1,19.1833874366832,55.7309431581627,2
C230517009_CELL2757_N4,-43.051121661338,27.0040732188776,0
C230517009_CELL2769_N6,-17.5209391527576,1.47692044282856,0
C230517009_CELL276_N1,60.0033169879456,22.7756803185459,1
C230517009_CELL2780_N2,-38.0732593708452,-13.6402145777817,0
C230517009_CELL2796_N2,-62.6763104017189,-2.30904063690513,0
C230517009_CELL2832_N2,5.46846104666059,40.3515551020455,2
C230517009_CELL2857_N2,-41.9044468124198,31.2888038315812,0
C230517009_CELL2858_N1,3.8670094451115,-21.2392857811459,3
C230517009_CELL2872_N3,-39.1796344678579,35.5257523009754,0
C230517009_CELL2877_N2,-21.015019393424,55.4216357567201,2
C230517009_CELL2959_N3,-20.5347766456787,57.0366422280808,2
C230517009_CELL2972_N4,-16.2874614333587,32.0123176291197,2
C230517009_CELL29_N1,12.6929606912922,48.2264694845801,2
C230517009_CELL3000_N2,-41.6321288634413,-40.2652650257557,3
C230517009_CELL300_N1,-4.31290751562073,-12.0499338091082,3
C230517009_CELL3038_N2,-2.48647293530889,-0.983269228047532,3
C230517009_CELL3057_N2,-28.6383215247599,5.83777646976261,0
C230517009_CELL3079_N2,-41.2155003707201,-8.39307660862901,0
C230517009_CELL30_N1,-6.84360194196062,-6.10410218081466,3
C230517009_CELL3107_N2,-41.9656846083447,-39.9303406847407,3
C230517009_CELL3166_N4,8.18797186822305,37.2797997532807,2
C230517009_CELL3197_N4,-33.8555132838313,40.9616413582091,2
C230517009_CELL3225_N6,-19.2715568448781,44.024412713927,2
C230517009_CELL3276_N3,-62.4497095861858,-2.55239001948906,0
C230517009_CELL3280_N2,-56.0992513867358,1.94895557501051,0
C230517009_CELL3300_N2,10.5529189196407,36.5093148053799,2
C230517009_CELL3354_N3,-12.0108411787791,10.465283387504,2
C230517009_CELL3374_N2,-36.6676373507865,6.56516588055771,0
C230517009_CELL3389_N2,-5.30133075576425,24.8040489529046,2
C230517009_CELL3423_N2,-20.92139823783,55.8326506808965,2
C230517009_CELL3425_N3,-37.5533664729247,-13.4713476068584,0
C230517009_CELL3435_N2,-47.2310708132582,5.930962647234,0
C230517009_CELL3596_N2,-37.2472503903324,-14.4307367122712,0
C230517009_CELL3600_N1,-0.588605521461962,-20.6981958681834,3
C230517009_CELL3618_N2,-23.375087828864,28.7127036684739,2
C230517009_CELL3727_N2,-13.592203365503,29.375279810826,2
C230517009_CELL3781_N4,-54.921919575362,25.6780780841429,0
C230517009_CELL3810_N2,23.6087339777354,36.7613464329841,2
C230517009_CELL3827_N5,-32.3216572426144,36.6397456466369,2
C230517009_CELL3831_N2,-37.8566216654066,23.5839937072493,0
C230517009_CELL3846_N2,-5.89142929542798,13.2521350677778,2
C230517009_CELL3857_N1,0.221594920566085,-4.94833521066714,3
C230517009_CELL3881_N2,-23.1948874689021,6.32642701968375,0
C230517009_CELL3904_N3,-22.2096781618516,7.99292980498158,0
C230517009_CELL3922_N1,-49.4316816553864,-24.3748720407536,0
C230517009_CELL3929_N4,28.3087114179377,-18.7335680293104,1
C230517009_CELL4029_N3,-1.55474823063798,-1.34569812407541,3
C230517009_CELL4039_N2,-15.2011089817037,-5.61814328021669,0
C230517009_CELL4084_N2,-54.553629833992,1.3522471206259,0
C230517009_CELL4252_N3,19.1840538961057,55.7305481623792,2
C230517009_CELL4253_N2,57.2485945117697,1.88397185877277,1
C230517009_CELL4282_N4,-23.1073099136503,-15.7069199190705,0
C230517009_CELL4293_N4,-56.1640852863317,-23.9209229980158,0
C230517009_CELL4334_N2,-49.1582313867807,-19.6689210496482,0
C230517009_CELL4350_N1,-4.6034403691094,5.23653146707445,2
C230517009_CELL4359_N2,-0.715283749224145,-29.8666414607162,3
C230517009_CELL4366_N2,-13.7061189869446,0.159513427633724,0
C230517009_CELL4386_N1,-40.3697364975198,11.7567860597038,0
C230517009_CELL4413_N4,-36.7708423871378,6.47438884637511,0
C230517009_CELL4439_N2,-18.6825574982419,12.3511292408484,0
C230517009_CELL4519_N7,-48.7796126757291,-12.0134110431808,0
C230517009_CELL4561_N2,29.304674388231,-17.8130046355642,1
C230517009_CELL4562_N4,-57.1675736773159,-12.0981501773745,0
C230517009_CELL4608_N1,29.2230679824185,-17.6018138323152,1
C230517009_CELL4614_N3,-38.0845124928538,-12.824335727788,0
C230517009_CELL4615_N2,-28.8610024192446,-2.39100914369264,0
C230517009_CELL4617_N2,-41.183916394505,-9.3237827637087,0
C230517009_CELL4650_N2,-56.2110230431079,-14.6591640777013,0
C230517009_CELL4675_N2,-48.5839208262605,-17.038097347988,0
C230517009_CELL4711_N2,-41.1756090145666,-9.52316500982764,0
C230517009_CELL472_N1,-21.1735961176929,-5.12443427902387,0
C230517009_CELL479_N2,-44.0676629480754,22.2709418377023,0
C230517009_CELL4937_N1,31.5626808962823,7.88746812423645,1
C230517009_CELL499_N1,17.8021589355952,49.3515110414777,2
C230517009_CELL5000_N1,-21.5611694555221,-4.68630666215984,0
C230517009_CELL5197_N1,-49.5117745868266,21.3057409609151,0
C230517009_CELL5264_N1,-55.8920650017286,-9.3808904731936,0
C230517009_CELL5309_N1,14.1916461554438,47.4770137826004,2
C230517009_CELL531_N2,-1.68906660981553,-34.5758789554041,3
C230517009_CELL5621_N1,-1.98473889907908,12.7099987167589,2
C230517009_CELL5802_N1,-56.5360807689014,-20.7332892003363,0
C230517009_CELL5987_N1,-36.4104944263228,6.8098174329505,0
C230517009_CELL613_N1,-49.0378503772042,-19.7470281722374,0
C230517009_CELL6177_N1,10.518489772838,36.5472173245438,2
C230517009_CELL6185_N1,33.6555388252625,34.5558822141963,1
C230517009_CELL6208_N1,-49.557599637992,-17.0089946561338,0
C230517009_CELL630_N3,-24.4710488320838,16.4965927987652,0
C230517009_CELL632_N4,-30.7219482814368,17.8379967530289,0
C230517009_CELL6361_N1,-24.8721890481377,-12.4048100602202,0
C230517009_CELL6394_N1,-55.8851112364657,16.7458590318752,0
C230517009_CELL6430_N1,-17.9259041013619,-51.4175580257853,3
C230517009_CELL6434_N1,4.24314097164809,33.1873785010809,2
C230517009_CELL64_N1,-53.6765030002886,-14.8201624602773,0
C230517009_CELL6561_N1,29.1931048445779,-18.554251493088,1
C230517009_CELL6600_N1,61.2361126362318,-14.3920145616245,1
C230517009_CELL667_N2,-31.9205541937207,31.4651503132531,2
C230517009_CELL6794_N1,-45.1078097094178,0.615199399875711,0
C230517009_CELL684_N2,2.3956463389095,0.590866737009986,2
C230517009_CELL6872_N1,12.6936832472697,34.7092922097576,2
C230517009_CELL692_N6,-42.4792297585907,6.9833042863526,0
C230517009_CELL693_N6,-27.0152009219107,45.8212843690356,2
C230517009_CELL704_N1,5.26956841261408,31.801790901692,2
C230517009_CELL7057_N1,-11.2877903718934,-12.2631430576868,3
C230517009_CELL7090_N1,3.26769861815067,31.3044838171668,2
C230517009_CELL7116_N1,-49.8761713915046,-13.2089954083662,0
C230517009_CELL723_N2,-21.845067511098,24.7130482308081,2
C230517009_CELL7264_N1,43.5762303184854,19.7801512846865,1
C230517009_CELL7500_N1,-50.3697094397269,38.7336079867185,0
C230517009_CELL7515_N1,2.99587256656498,41.6527034462569,2
C230517009_CELL7546_N1,6.98305280387062,41.8302232067147,2
C230517009_CELL7547_N1,-56.1274842327651,-12.5710535468522,0
C230517009_CELL7565_N1,-37.6459906779687,-2.79857115614556,0
C230517009_CELL7626_N1,9.86345165460699,26.8991128880069,2
C230517009_CELL7701_N1,-3.04420571489266,1.00243788477915,2
C230517009_CELL8174_N1,39.3830759075921,31.0142162603644,1
C230517009_CELL8273_N1,56.1741940843247,27.8992881419019,1
C230517009_CELL8326_N1,-6.51178717452256,-6.20071004143688,3
C230517009_CELL834_N3,-42.6805413669887,27.8957537519142,0
C230517009_CELL8369_N1,-22.762419630105,-15.0998880477196,0
C230517009_CELL8493_N1,-56.1225228832122,-15.693661138259,0
C230517009_CELL851_N3,-4.40776961335436,14.4374371150673,2
C230517009_CELL853_N2,-40.1882011383833,33.3049844912051,0
C230517009_CELL8557_N1,26.2043387157029,0.0362634964490318,1
C230517009_CELL8624_N1,-12.5224557499613,-0.121951005575825,0
C230517009_CELL8635_N1,-55.301969665718,-18.8718336914186,0
C230517009_CELL8682_N1,-14.8399778476731,-12.6394183123003,3
C230517009_CELL8760_N1,-23.2859067313833,-29.4382448290582,3
C230517009_CELL878_N2,2.82537347748473,-6.6868880978689,3
C230517009_CELL8819_N1,-17.5080716035245,-5.51512315486521,0
C230517009_CELL8821_N1,-22.5730200153895,-14.0492309617599,0
C230517009_CELL8872_N1,13.1265044471069,47.9647640711808,2
C230517009_CELL8873_N1,16.7112347666833,46.7278412268821,2
C230517009_CELL907_N1,-10.7529880995493,0.293781523015393,0
C230517009_CELL9106_N1,10.7255876999306,30.9191151258389,2
C230517009_CELL917_N3,-10.2162749563921,34.9935699428427,2
C230517009_CELL9251_N1,-30.3636051800361,14.5713271205396,0
C230517009_CELL92_N2,-37.8550930877929,23.7921462473013,0
C230517009_CELL933_N3,-40.0485177426763,36.165496398088,0
C230517009_CELL9414_N1,-39.5360077311625,14.404438503473,0
C230517009_CELL9440_N1,-18.2093898710584,-5.45839261289353,0
C230517009_CELL9447_N1,-42.2796013935857,33.7771100853232,0
C230517009_CELL9669_N1,-6.83873180806966,6.43721683594141,2
C230517009_CELL9757_N1,19.1830801944173,55.7302490514476,2
C230517009_CELL9872_N1,2.74758824511066,40.3929216116331,2
C230517009_CELL9933_N1,-52.3519525172395,4.0621040338126,0
C230517009_CELL993_N3,-49.1608588358673,-0.414902113613044,0
C230517009_CELL9952_N1,-32.2971998000412,36.6453002304177,2
C230517010_CELL10018_N1,13.2039119688785,26.8455655399555,2
C230517010_CELL1007_N5,-62.6116379894504,12.6249109536043,0
C230517010_CELL10115_N1,-45.7375024821247,5.94402987077103,0
C230517010_CELL10269_N1,5.56759708479635,32.036594899859,2
C230517010_CELL10404_N1,-19.3649610310856,51.0178200642833,2
C230517010_CELL10432_N1,-11.0974049158334,-13.9274738086827,3
C230517010_CELL10449_N1,-21.3413766998516,0.623683642535436,0
C230517010_CELL10562_N1,-48.5976784872126,37.1847477676556,0
C230517010_CELL10688_N1,-29.1915793468474,31.402171581429,2
C230517010_CELL10799_N1,-20.9689590489125,55.266798387441,2
C230517010_CELL107_N1,12.7331337312782,35.0166788158748,2
C230517010_CELL10868_N1,2.00202216894187,-0.636798900174716,2
C230517010_CELL10902_N1,2.66388850505798,-9.4525633672553,3
C230517010_CELL11073_N1,-18.0100859860501,10.3011682562263,0
C230517010_CELL11207_N1,-54.3319518673887,1.921014431454,0
C230517010_CELL11244_N1,-22.2930834740713,-30.3495778860644,3
C230517010_CELL112_N4,-57.5461999287406,-16.6589395045153,0
C230517010_CELL11431_N1,-51.3637790961008,1.14388746605141,0
C230517010_CELL11476_N1,58.2078142421679,25.5930686946058,1
C230517010_CELL11533_N1,-13.5420906728241,8.00705319122826,2
C230517010_CELL11699_N1,-50.8155700907962,37.4180277071909,0
C230517010_CELL11765_N1,1.6065033273737,-5.28635338653587,3
C230517010_CELL11802_N1,14.8308991672696,45.6498937155049,2
C230517010_CELL11840_N1,-14.3634435528266,41.033901834286,2
C230517010_CELL11895_N1,-5.27636786487125,24.8048923419894,2
C230517010_CELL12027_N1,-11.2359600510639,62.3320579460218,2
C230517010_CELL12056_N1,-47.9775898909591,-13.2660893202697,0
C230517010_CELL12182_N1,-7.67910492326801,35.5783516038917,2
C230517010_CELL12244_N1,-12.2086244495467,-0.141454203931197,0
C230517010_CELL12286_N1,-55.4143973760254,-23.8157026499355,0
C230517010_CELL1232_N3,-10.9870500391117,56.7957098022198,2
C230517010_CELL12330_N1,-1.81762796932058,12.0341561647696,2
C230517010_CELL1237_N1,11.8928041557333,27.2704324880706,2
C230517010_CELL12420_N1,-22.6993713378518,-13.6150507633121,0
C230517010_CELL12544_N1,-4.73433420395507,5.5433408500017,2
C230517010_CELL12628_N1,-20.7076858227875,-10.4639568985295,0
C230517010_CELL12630_N1,-0.175570666925577,43.2347120153016,2
C230517010_CELL12633_N1,61.3832183556977,22.3186800001963,1
C230517010_CELL1273_N1,39.3765821153034,31.0132323305465,1
C230517010_CELL12781_N1,-44.8413029613031,34.8375950484631,0
C230517010_CELL12821_N1,-10.4359149415077,-10.4581854275467,3
C230517010_CELL12880_N1,-52.4236669107223,3.36968972188914,0
C230517010_CELL12959_N1,10.9686207842262,30.8542280331826,2
C230517010_CELL12987_N1,-9.18768801497167,-29.3426725694851,3
C230517010_CELL12993_N1,-13.8879646143069,-13.627785457737,3
C230517010_CELL1305_N1,-54.0681954238892,15.5690148944136,0
C230517010_CELL13164_N1,-33.576105298449,40.9512746193484,2
C230517010_CELL1317_N5,-16.6227932683797,55.2817935546156,2
C230517010_CELL13271_N1,-49.4095702293882,-15.8692562434264,0
C230517010_CELL13337_N1,-23.517631843326,5.77725428208025,0
C230517010_CELL13338_N1,-5.26110130674231,13.6286713127679,2
C230517010_CELL13340_N1,-62.6767742119233,-2.30913845590719,0
C230517010_CELL13381_N1,-46.2388658034427,35.4876578221491,0
C230517010_CELL133_N2,-56.0968293440274,-12.7567180477054,0
C230517010_CELL1344_N2,50.3147949798524,25.7423810665968,1
C230517010_CELL13484_N1,-58.5425657186275,12.6284168870981,0
C230517010_CELL13544_N1,-21.4756204534067,-8.81127016029536,0
C230517010_CELL13636_N1,-28.8772666520248,-2.34782612665523,0
C230517010_CELL13675_N1,-53.5149048907878,28.2058770908259,0
C230517010_CELL13687_N1,-5.38088228159246,6.26978658422862,2
C230517010_CELL13688_N1,-52.3643159792414,3.48033869153601,0
C230517010_CELL1369_N2,4.5683338992185,-4.23224638236138,3
C230517010_CELL13764_N1,-30.7782252452742,15.0793925676171,0
C230517010_CELL13787_N1,13.2549930281753,47.9032436771395,2
C230517010_CELL1428_N2,-12.8655019675609,-2.22085955418584,0
C230517010_CELL1462_N3,-32.3922253965621,-1.21878042645438,0
C230517010_CELL1463_N2,-9.50630604687102,-16.3590256300701,3
C230517010_CELL1487_N3,-46.279891332327,-0.685110686086118,0
C230517010_CELL151_N2,-16.288564602449,1.07076322224713,0
C230517010_CELL1536_N3,-5.42052959285411,-12.0808012977314,3
C230517010_CELL1538_N3,-47.9765790422854,19.8601471153387,0
C230517010_CELL1551_N1,-21.1292253953027,10.2684365332963,0
C230517010_CELL1572_N2,-11.9023012570304,34.0692638963658,2
C230517010_CELL1576_N4,-39.2739660905897,14.8956887970298,0
C230517010_CELL1606_N3,-62.3647132340318,12.7306496619386,0
C230517010_CELL1640_N2,-5.77200401489572,23.750239506381,2
C230517010_CELL1664_N2,43.8053693869653,-2.95694868938468,1
C230517010_CELL1673_N2,-11.6264549214415,25.5612564294527,2
C230517010_CELL1681_N1,-40.2879121712078,12.2526327313893,0
C230517010_CELL1699_N1,-17.1147140663673,-25.5876083805031,3
C230517010_CELL1703_N2,9.53845081005612,36.9748008348019,2
C230517010_CELL1722_N3,-39.9885012960467,13.2897655481245,0
C230517010_CELL1749_N2,-62.6216501533558,12.6211673417202,0
C230517010_CELL1768_N2,-21.5744893385123,-8.61953891055497,0
C230517010_CELL1783_N1,56.4683883593125,27.9330661167644,1
C230517010_CELL1786_N2,-22.0385993177187,29.8497918878536,2
C230517010_CELL1805_N1,36.8055562267317,28.7450857534697,1
C230517010_CELL1836_N2,-56.6648243834381,-16.7890189972245,0
C230517010_CELL1837_N2,-4.0820981748675,-12.4713005150854,3
C230517010_CELL1892_N3,-25.3840113523866,48.7359985695936,2
C230517010_CELL1926_N2,-24.790120955342,43.1863693056271,2
C230517010_CELL1950_N2,36.1251177214881,26.1075769934253,1
C230517010_CELL1975_N3,-27.0070712521401,33.8316097870644,2
C230517010_CELL2032_N4,-37.3747160155249,-14.108833793103,0
C230517010_CELL2055_N2,-51.6551648754143,1.43254059423717,0
C230517010_CELL2062_N2,-37.8597004834796,23.3923952988157,0
C230517010_CELL2064_N3,46.2770736635584,34.3751981076517,1
C230517010_CELL2069_N2,-32.7387812236291,-6.29683661619918,0
C230517010_CELL2075_N2,-18.8633538245095,-5.64705323729454,0
C230517010_CELL2117_N2,22.6542848424078,-5.9730814199255,1
C230517010_CELL2148_N1,-30.6986465944577,17.4923390992004,0
C230517010_CELL2159_N3,-56.2760876590745,16.8018905707634,0
C230517010_CELL2240_N2,-23.1720922312695,-12.3904986714407,0
C230517010_CELL2299_N5,-13.9019361826013,56.2186150385245,2
C230517010_CELL2304_N2,-20.6142333425736,57.163140178755,2
C230517010_CELL2325_N2,-40.6740357655617,-12.7585419988724,0
C230517010_CELL2351_N2,-13.9489046036459,28.4902974861554,2
C230517010_CELL2402_N2,-50.2909274513714,-12.1573711418095,0
C230517010_CELL2418_N2,-50.2527105909641,-24.8713439792592,0
C230517010_CELL2447_N3,-6.16565347541267,53.4210057721878,2
C230517010_CELL2483_N2,56.5342136559535,33.4131576983802,1
C230517010_CELL2493_N3,-55.9702663584547,-24.7888816328972,0
C230517010_CELL2544_N2,-55.9456561245675,-15.4195662459524,0
C230517010_CELL2578_N2,-54.5997698211169,2.07551074918454,0
C230517010_CELL257_N3,-7.05962976426564,-27.3899707842765,3
C230517010_CELL2583_N3,-46.8997125113758,-14.6062910814402,0
C230517010_CELL2642_N2,-10.4088321189069,35.8309522888227,2
C230517010_CELL2663_N4,-12.2965233331036,10.6758134553456,2
C230517010_CELL2671_N2,-33.442354390068,-13.1548115702507,0
C230517010_CELL2684_N3,-6.32993020224143,53.3255549660744,2
C230517010_CELL2686_N3,-36.9918950680967,6.33711002712549,0
C230517010_CELL2703_N3,-14.1562104914002,-16.9016266780754,3
C230517010_CELL272_N2,-43.0007204186722,27.1087067711677,0
C230517010_CELL2734_N3,-53.4821921033563,-6.73044671700648,0
C230517010_CELL2803_N3,-48.7160720674008,-11.5811734563332,0
C230517010_CELL2907_N2,-38.0253117043488,20.9493347994777,0
C230517010_CELL2920_N2,-39.0876135150352,35.2811506370085,0
C230517010_CELL2934_N1,34.9558304352084,36.9973485257185,1
C230517010_CELL2940_N2,28.3903479047601,-18.6761812898322,1
C230517010_CELL2974_N4,-46.4187744878039,6.11520599076296,0
C230517010_CELL2985_N2,-55.0485219113703,-7.42827692110029,0
C230517010_CELL3010_N3,-49.2773958678903,-19.5346747719575,0
C230517010_CELL3011_N2,-7.45166245027775,6.9009199068992,2
C230517010_CELL3028_N2,-14.9474395548571,-12.5517868643184,3
C230517010_CELL3030_N2,-25.7273071551965,34.7366781861347,2
C230517010_CELL3036_N2,-48.9668282801003,0.889862843701663,0
C230517010_CELL3037_N5,-45.520192745673,-12.7149533803327,0
C230517010_CELL305_N2,-16.8068850593564,1.23067997227144,0
C230517010_CELL3115_N3,-50.269513735481,21.7025611625791,0
C230517010_CELL3133_N2,-12.7248135513842,11.5010256411356,2
C230517010_CELL3170_N2,3.3839589605695,38.438521017653,2
C230517010_CELL3191_N5,-35.6334116912201,-17.0498660299193,0
C230517010_CELL3227_N2,-11.1021667608944,-11.5177146820785,3
C230517010_CELL3238_N4,-29.9962082326966,31.58266496647,2
C230517010_CELL3239_N3,-57.2789518416782,-24.0422516971898,0
C230517010_CELL3240_N2,-12.3134813959589,10.5766355372376,2
C230517010_CELL3258_N2,-14.0868615048886,0.323506941634558,0
C230517010_CELL3265_N2,-29.667100185669,31.5296050753363,2
C230517010_CELL3286_N5,-5.37865601566678,24.6286277261509,2
C230517010_CELL3391_N3,-49.7256393006019,-0.78161608212227,0
C230517010_CELL3400_N4,-21.873313824379,15.1109202244124,0
C230517010_CELL3401_N4,-50.2387558682546,-24.8637840417896,0
C230517010_CELL3412_N2,2.93717849585328,40.6870908279265,2
C230517010_CELL3423_N2,-23.2061772040034,51.4909223134022,2
C230517010_CELL3501_N3,-60.6982320178434,13.5147805730943,0
C230517010_CELL3541_N4,-50.1706550152598,-12.2368084895568,0
C230517010_CELL3542_N3,2.39711223842791,0.589567695769402,2
C230517010_CELL3567_N2,-48.3862674106671,-10.9866206233613,0
C230517010_CELL3590_N1,10.5668065396036,26.7818383618949,2
C230517010_CELL3609_N4,-17.9435629323686,38.1796908371309,2
C230517010_CELL362_N2,12.2282715854048,30.467226675679,2
C230517010_CELL3664_N2,-53.9706598254941,1.98628545547993,0
C230517010_CELL3685_N3,-31.034872522907,17.8277126973602,0
C230517010_CELL3711_N2,-50.7767933376731,37.3072353624534,0
C230517010_CELL3721_N3,-25.0347049940994,-12.4530595161995,0
C230517010_CELL3726_N2,-55.8931928743853,-9.37943751766249,0
C230517010_CELL3734_N2,-4.1150299254139,13.5632829208861,2
C230517010_CELL3747_N1,-30.4185979711812,31.649382564779,2
C230517010_CELL395_N2,-10.627461229262,37.243587192163,2
C230517010_CELL3993_N1,4.87918096715482,31.3820688948857,2
C230517010_CELL4016_N1,-55.0574117332137,1.86828071481635,0
C230517010_CELL4065_N1,-2.50172940494696,-13.8863594678132,3
C230517010_CELL410_N3,-23.4091472373937,5.96291654693132,0
C230517010_CELL4200_N1,4.09975508194366,44.1502273945977,2
C230517010_CELL421_N2,-12.5840199109098,-1.61514326956772,0
C230517010_CELL4308_N1,-20.4181245340075,10.2567257189326,0
C230517010_CELL444_N3,-56.1657908654957,16.6320569706527,0
C230517010_CELL4502_N1,-18.6813661181937,12.3528699488607,0
C230517010_CELL455_N2,-44.5354290411666,25.1417691151607,0
C230517010_CELL468_N3,-7.34532188158334,10.8484993430498,2
C230517010_CELL4726_N1,-54.372485309795,26.7498746197364,0
C230517010_CELL4828_N1,4.10020033957006,44.1505302961897,2
C230517010_CELL493_N4,-56.1753186774415,-15.8832444606223,0
C230517010_CELL495_N3,-43.1668915884148,26.7450777250177,0
C230517010_CELL500_N3,-17.1615197994822,55.3826610565531,2
C230517010_CELL501_N2,-12.9400135753017,27.7738882588615,2
C230517010_CELL5151_N1,-20.9908288402402,0.59169005639131,0
C230517010_CELL5156_N1,55.335998096742,27.801084041181,1
C230517010_CELL5185_N1,-10.2774634112271,-10.2537411095585,3
C230517010_CELL5198_N1,-21.9872268007625,15.2541740682824,0
C230517010_CELL520_N1,-16.606434319664,1.16475744149234,0
C230517010_CELL5226_N1,0.482617414996981,-14.3749504209192,3
C230517010_CELL5297_N1,6.89031352699373,29.7693250120917,2
C230517010_CELL534_N2,-23.247783898499,-29.4353972011207,3
C230517010_CELL5362_N1,-39.9789800510968,36.1052172081397,0
C230517010_CELL538_N3,-14.7754367933929,20.0713957717929,2
C230517010_CELL539_N3,10.8235475077095,25.3975382194036,2
C230517010_CELL5441_N1,-30.4740759565886,-0.14296759323271,0
C230517010_CELL5587_N1,-38.359982141841,-4.06453982178505,0
C230517010_CELL565_N2,-41.724253263021,30.864962914547,0
C230517010_CELL577_N1,11.6625530829621,24.212549240377,2
C230517010_CELL582_N2,-10.9326821018761,56.3870608769056,2
C230517010_CELL5838_N1,3.60927476491383,0.712925923806906,2
C230517010_CELL5857_N1,-38.7607499873209,18.2247677146441,0
C230517010_CELL5879_N1,-23.1097243943532,-15.7076703723865,0
C230517010_CELL587_N1,-34.4157757194414,-3.99586166249642,0
C230517010_CELL58_N2,-29.29400827296,-0.746976675740327,0
C230517010_CELL594_N1,-3.32682688724366,-6.38432993570408,3
C230517010_CELL5_N1,-17.5888069852703,-4.84919632965345,0
C230517010_CELL6013_N1,-38.0558064221987,20.7647841820421,0
C230517010_CELL6118_N1,-7.66500697010076,6.93553962765229,2
C230517010_CELL619_N1,-36.5956380020876,-48.7804140057772,3
C230517010_CELL621_N1,-41.2718448416553,-7.87661308674136,0
C230517010_CELL634_N2,-52.2184541202418,1.86090194458965,0
C230517010_CELL635_N2,-62.6462907123168,-2.33351040428051,0
C230517010_CELL6388_N1,-24.0524450894635,-16.0366877083666,0
C230517010_CELL6404_N1,-11.4683713061078,62.4672540303987,2
C230517010_CELL6451_N1,-12.0316964407189,27.0600634127831,2
C230517010_CELL6572_N1,-23.0779727785831,-15.7047694232778,0
C230517010_CELL6605_N1,-43.7777346653121,34.392223940787,0
C230517010_CELL6663_N1,-7.02772618888354,15.0800723431592,2
C230517010_CELL668_N1,-55.2368894411033,1.87848320665477,0
C230517010_CELL6713_N1,-12.2301036882765,-0.158096252705549,0
C230517010_CELL6879_N1,44.6146727878362,-3.64240403139116,1
C230517010_CELL6930_N1,-20.990401708093,0.591683561960564,0
C230517010_CELL6932_N1,-13.3690093653554,-4.33064360028595,0
C230517010_CELL70_N1,-13.9188801918824,-5.14374914828275,0
C230517010_CELL714_N3,-49.1652062390669,-15.8413370008367,0
C230517010_CELL7243_N1,-34.5032300658613,-16.8805938339741,0
C230517010_CELL7267_N1,-22.170832860245,-11.9318875185952,0
C230517010_CELL7298_N1,-59.0552833978588,13.0771397178284,0
C230517010_CELL735_N3,-47.9394049394081,36.720250126314,0
C230517010_CELL7365_N1,-22.1434664690561,8.11694204983193,0
C230517010_CELL7452_N1,-15.8413570513667,1.56173436506168,0
C230517010_CELL7505_N1,-36.7417487052869,-12.4879659161867,0
C230517010_CELL756_N2,-50.7874549347361,37.8131245818106,0
C230517010_CELL757_N3,-23.202919472942,51.5110849750763,2
C230517010_CELL7653_N1,-32.6526115898257,-1.2648595687909,0
C230517010_CELL7709_N1,-6.78814264470249,14.8688218560058,2
C230517010_CELL7791_N1,-41.3674328546268,7.4814030967364,0
C230517010_CELL780_N3,-39.4184248471354,14.9476221143319,0
C230517010_CELL7947_N1,4.34104975972591,-4.29771707537736,3
C230517010_CELL8036_N1,-13.542237084531,8.00810452526257,2
C230517010_CELL8060_N1,14.189924345408,47.4789067363525,2
C230517010_CELL8105_N1,-33.4427952781659,-13.1800536084107,0
C230517010_CELL8311_N1,-29.0874667962012,-45.3329141503275,3
C230517010_CELL8333_N1,-22.5805988790898,-12.0724284651054,0
C230517010_CELL833_N2,-46.2337397347511,-0.642984350861248,0
C230517010_CELL8343_N1,-7.97563591397592,8.25058944771324,2
C230517010_CELL8408_N1,56.2460948747987,35.1272964798911,1
C230517010_CELL8427_N1,20.0339486606748,45.3095264111504,2
C230517010_CELL8460_N1,13.9231483865791,29.7329668205715,2
C230517010_CELL8499_N1,-55.805555021308,-9.08775179280293,0
C230517010_CELL8679_N1,-3.18888634488576,-1.18036965663858,3
C230517010_CELL8714_N1,-56.1590434709354,-23.9596667241032,0
C230517010_CELL8946_N1,16.5167516756164,33.0465734098477,2
C230517010_CELL9001_N1,-14.433194195156,-16.0948471609042,3
C230517010_CELL9002_N1,-48.6007162254816,35.0010409351904,0
C230517010_CELL9151_N1,2.60517522475801,-10.7551034177074,3
C230517010_CELL9172_N1,1.39670029577303,-5.02611641879034,3
C230517010_CELL920_N3,10.8471148044409,30.8960390017474,2
C230517010_CELL9267_N1,-59.4643070861525,13.3590838665893,0
C230517010_CELL9395_N1,-18.6919928662713,11.7307396487967,0
C230517010_CELL939_N2,-46.4190338214019,6.11552558226779,0
C230517010_CELL9499_N1,-10.4422084795284,57.4553221218587,2
C230517010_CELL9617_N1,-33.2204521003614,-0.858662705540039,0
C230517010_CELL9698_N1,-45.9365128531809,-0.0525021888549895,0
C230517010_CELL9857_N1,-3.43326225987363,-13.15915932961,3
C230517010_CELL987_N2,-13.8483869753421,-52.993765388387,3
C230517010_CELL9895_N1,-17.2149929946636,55.2929782014873,2
C230517010_CELL9921_N1,-5.5116419669213,-6.36969438956898,3
C230517010_CELL9952_N1,70.7118086849962,-7.17838666543632,1
C230517010_CELL9957_N1,-57.3369506906783,-19.9925929054224,0
C230517010_CELL997_N4,-5.78444175932051,13.3731952905704,2
C230517010_CELL9995_N1,4.79073727094606,40.6207416925053,2
