"","TSNE_1","TSNE_2"
"C231122001_CELL1023_N4",-46.97969559311,9.07104150755684
"C231122001_CELL1037_N5",-38.8483015387873,-19.6843692520731
"C231122001_CELL1047_N2",-23.9507746736187,-23.4987564388216
"C231122001_CELL1051_N2",-32.1637998522246,-12.3402431349598
"C231122001_CELL1076_N2",-25.8392976342469,-1.13925642880329
"C231122001_CELL1102_N2",-7.07517880472271,51.0337707433254
"C231122001_CELL1118_N2",-22.5019298993562,-14.6657039308334
"C231122001_CELL1126_N4",4.82903456200471,-10.1180778772377
"C231122001_CELL1139_N2",15.2843827328813,-36.1528854930789
"C231122001_CELL115_N3",-51.2673920062194,-0.399871118103455
"C231122001_CELL1202_N1",22.525703754747,-3.90082980465735
"C231122001_CELL1209_N5",-50.2069112655143,-9.68768523237259
"C231122001_CELL1224_N3",-10.563695796746,-43.0694712870279
"C231122001_CELL1235_N5",-4.45445896399511,-6.72246164547285
"C231122001_CELL1247_N2",-52.4118467980506,-0.755365701070714
"C231122001_CELL1250_N2",40.6335158181573,6.12523914126981
"C231122001_CELL1284_N2",-17.3844612395622,-8.99512151967811
"C231122001_CELL1313_N2",-4.78051465395311,1.67477604119091
"C231122001_CELL1337_N2",-23.0623232911823,1.25378116855749
"C231122001_CELL1363_N1",-25.7520655062322,-12.4355615813715
"C231122001_CELL1380_N2",-10.9245700423654,-20.328477560322
"C231122001_CELL1388_N2",-31.7657040922334,-11.332764468037
"C231122001_CELL1393_N1",15.1182958660965,-34.2644147950144
"C231122001_CELL141_N1",-32.5555272864141,-32.6186437490332
"C231122001_CELL1422_N2",4.88515700905192,6.59921938768198
"C231122001_CELL1434_N3",3.17869287028629,-13.248093836631
"C231122001_CELL1471_N2",4.3609829429763,60.3851008177106
"C231122001_CELL147_N2",-9.6305139011428,24.2213611681191
"C231122001_CELL1506_N1",-36.6659643508837,-34.5972371390807
"C231122001_CELL1514_N3",8.5698837755402,-3.29703365807737
"C231122001_CELL1547_N1",33.339457545677,-15.0242720182033
"C231122001_CELL154_N1",-32.0991064018257,-33.2004049802231
"C231122001_CELL1564_N1",-32.3216262189857,-14.1777757609551
"C231122001_CELL1580_N2",6.21049876986051,6.32151448276786
"C231122001_CELL1584_N4",-22.2054635234256,2.14760263763592
"C231122001_CELL1598_N2",-21.9267297851276,-7.60846034268426
"C231122001_CELL1603_N1",-34.9285859486863,3.14863514674899
"C231122001_CELL1634_N2",8.40042511472502,9.65369000192473
"C231122001_CELL1635_N3",3.15299353010251,-13.2046214868117
"C231122001_CELL1640_N2",-31.876229428181,31.1974062555078
"C231122001_CELL1650_N4",6.25312265707259,4.95904623842075
"C231122001_CELL1652_N4",-5.33272587611893,61.1125860606576
"C231122001_CELL166_N4",-26.4356659803724,-17.4177423934343
"C231122001_CELL175_N2",9.12267833812196,19.4280456103436
"C231122001_CELL1889_N1",8.56244747127509,-2.05985603274675
"C231122001_CELL1920_N1",44.8299744419321,-4.05574509178339
"C231122001_CELL1950_N1",-16.4430533021255,-36.7300293964292
"C231122001_CELL1970_N1",6.10287094629637,7.67953306006073
"C231122001_CELL1976_N1",45.1440441163397,-1.65978835463377
"C231122001_CELL202_N3",-17.6458728022546,16.7562897152935
"C231122001_CELL2063_N1",-19.1039633354613,-30.9938475008372
"C231122001_CELL2090_N1",0.2232029844138,-11.8386106845983
"C231122001_CELL2100_N1",-28.8593378689914,-34.5926574905563
"C231122001_CELL210_N2",-20.876750728947,-24.1348433789289
"C231122001_CELL2121_N1",-23.9733861176421,-32.0550382944938
"C231122001_CELL2145_N1",-30.5119528908524,10.9016538159325
"C231122001_CELL2226_N1",-23.8410735074213,-42.2436824046957
"C231122001_CELL2233_N1",-6.29530154159572,-45.6874925287659
"C231122001_CELL2251_N1",-11.1647493149144,-20.7795005848038
"C231122001_CELL2266_N1",-10.5773642679564,-43.0261202771392
"C231122001_CELL2275_N1",-25.2807868676434,-49.0000522772723
"C231122001_CELL2284_N1",19.3596319793327,-37.5204009584993
"C231122001_CELL2342_N1",5.72120046585316,2.52434322340811
"C231122001_CELL237_N1",14.491343399241,15.8855497987904
"C231122001_CELL2436_N1",-18.9729774448479,-21.8830132553105
"C231122001_CELL2451_N1",-35.3538255874929,-36.0675502415927
"C231122001_CELL2459_N1",22.123789957652,16.1719170700927
"C231122001_CELL2464_N1",1.89826594434586,-39.4940679545567
"C231122001_CELL2504_N1",-8.14924101285584,-40.0939890801059
"C231122001_CELL2547_N1",-3.82142300809929,-30.4865973013506
"C231122001_CELL257_N2",-45.0582847512047,-9.25786395695492
"C231122001_CELL2586_N1",-5.64983088930001,-17.7442519389242
"C231122001_CELL25_N3",0.116377417682314,51.8820792775591
"C231122001_CELL2617_N1",-45.580976946538,-8.18676317684337
"C231122001_CELL2659_N1",27.0712245455866,-37.0989414700564
"C231122001_CELL2704_N1",-4.53190683702485,1.49348384867302
"C231122001_CELL2727_N1",-5.16534858802421,-4.75783595812343
"C231122001_CELL2730_N1",-21.2147742921603,-24.0743855378565
"C231122001_CELL2738_N1",-48.2047341627858,0.550566486564802
"C231122001_CELL2800_N1",-45.3046105962324,3.43680060739338
"C231122001_CELL2850_N1",-20.0731394450629,-29.3981838399032
"C231122001_CELL28_N1",-25.310894591186,-27.9930707673479
"C231122001_CELL2949_N1",-29.655708157169,-25.6548589473063
"C231122001_CELL2988_N1",-49.1207012813921,-5.3861469745063
"C231122001_CELL298_N1",-34.7046420496318,-23.9854576843005
"C231122001_CELL3007_N1",-8.11718907997824,-11.3863891000436
"C231122001_CELL3010_N1",-18.6189814140366,-22.337701325206
"C231122001_CELL3028_N1",-25.3583019232519,-33.1678732241411
"C231122001_CELL3070_N1",40.2496629321912,-38.5778116224772
"C231122001_CELL3074_N1",-46.2953958033155,-13.4298786488404
"C231122001_CELL308_N5",-29.21190440102,-6.18009106171294
"C231122001_CELL3142_N1",-8.47816077578368,-46.7699593234313
"C231122001_CELL3148_N1",-12.4004770641444,-35.6106781510116
"C231122001_CELL314_N2",-37.6100026406213,-6.83063654080345
"C231122001_CELL3193_N1",13.4567679616102,19.5168198165303
"C231122001_CELL3263_N1",38.3165907063996,-32.700916489928
"C231122001_CELL3264_N1",-5.91695722777747,-27.8666195060873
"C231122001_CELL3271_N1",-8.56205955163489,-46.3633190085189
"C231122001_CELL329_N1",-27.5161834751735,-36.0605643139068
"C231122001_CELL3322_N1",-22.1887091152632,-14.3793674842147
"C231122001_CELL337_N1",-14.2321149936052,1.12892504935364
"C231122001_CELL3412_N1",-4.3628036410882,-6.812591748948
"C231122001_CELL3430_N1",-3.13691359811973,6.20503704334383
"C231122001_CELL3460_N1",-30.8544232697133,-8.01424709376583
"C231122001_CELL3481_N1",33.7225248840397,-16.1956002377651
"C231122001_CELL3503_N1",-26.7076994593061,-33.9140695566219
"C231122001_CELL352_N2",9.57083806906085,23.5032351437487
"C231122001_CELL3650_N1",-2.55202721980884,-13.1435124859566
"C231122001_CELL3705_N1",-22.0343044534954,-7.55388754044466
"C231122001_CELL3707_N1",-25.09578860647,-22.7637432254431
"C231122001_CELL3724_N1",-9.84589339813364,6.73801413172796
"C231122001_CELL3740_N1",-17.7079486295819,-37.5720384144605
"C231122001_CELL3762_N1",-15.0266771046414,12.1133353810212
"C231122001_CELL3783_N1",35.8720490355218,-12.1512542126767
"C231122001_CELL3809_N1",-15.9113177788682,-11.1142890774859
"C231122001_CELL391_N1",0.0336340152606077,-30.0253088697996
"C231122001_CELL3954_N1",-26.3153771923723,-1.61368286501973
"C231122001_CELL397_N2",-13.8618126980522,1.49950737794541
"C231122001_CELL402_N3",-11.2726195518595,-33.4165856454271
"C231122001_CELL4043_N1",17.2920874991716,-31.87566922018
"C231122001_CELL405_N2",-15.4132117899971,11.9065170349121
"C231122001_CELL4063_N1",-16.5435225764015,-36.6411065517844
"C231122001_CELL410_N2",-27.4597945774802,-17.3835253927265
"C231122001_CELL4112_N1",-8.72093646713216,-39.0683918392089
"C231122001_CELL4151_N1",23.9684727939868,-46.1408735651241
"C231122001_CELL4167_N1",13.3068622709509,0.359671313332636
"C231122001_CELL4183_N1",-36.4298204847769,4.05327089158194
"C231122001_CELL418_N2",-7.55114534558683,34.0769784100793
"C231122001_CELL4262_N1",12.7267807783444,23.1745657597721
"C231122001_CELL4296_N1",-39.1423476668504,-18.3255237183181
"C231122001_CELL4343_N1",-26.3577449819965,-17.2959086009759
"C231122001_CELL4360_N1",-18.7898891419544,-22.6942010760475
"C231122001_CELL4376_N1",-1.01892461753176,-22.2529197265216
"C231122001_CELL4427_N1",-44.4161463018829,-19.3630553031998
"C231122001_CELL4432_N1",-15.2902867490889,-36.5315488096384
"C231122001_CELL4457_N1",-51.8401943832891,16.971190660153
"C231122001_CELL4495_N1",-17.9174637314344,-38.0903358830002
"C231122001_CELL4505_N1",-32.9986067516422,-10.5673117620627
"C231122001_CELL4513_N1",16.4421337143772,-33.3621972067708
"C231122001_CELL4524_N1",25.9066274731369,-39.868013609182
"C231122001_CELL4556_N1",-29.3690429454207,11.5528118614005
"C231122001_CELL4586_N1",-13.9458725918821,-36.3884193029582
"C231122001_CELL4717_N1",28.7226756917983,-41.7751156136577
"C231122001_CELL4726_N1",-28.3722564419255,31.2988243367254
"C231122001_CELL4783_N1",28.5801229210357,-50.45329216248
"C231122001_CELL479_N1",-17.6671201190261,-5.08848745114326
"C231122001_CELL4815_N1",-8.22644775516238,-47.0447083655882
"C231122001_CELL4819_N1",6.88206882473234,-30.3405233304732
"C231122001_CELL4820_N1",23.1339880873069,-47.7402309385249
"C231122001_CELL4877_N1",29.653886818726,-36.9903561217666
"C231122001_CELL4899_N1",-12.7395095178483,-36.0829833521578
"C231122001_CELL4939_N1",15.4286044143148,7.69015401542665
"C231122001_CELL496_N1",-2.14521574042437,-34.1727875795624
"C231122001_CELL4980_N1",-5.25316457968039,-27.2615579158985
"C231122001_CELL517_N1",33.0756086128834,-24.1280508518079
"C231122001_CELL536_N1",-26.3176471155778,-18.5564077234439
"C231122001_CELL576_N2",-53.7647538867566,7.03924007689466
"C231122001_CELL582_N2",-49.7518895849192,-4.40246527734226
"C231122001_CELL602_N2",-17.7250989836244,-42.9059005653519
"C231122001_CELL646_N2",-14.2669194185274,7.78143987175432
"C231122001_CELL68_N3",13.2562397886266,19.5575121957581
"C231122001_CELL730_N3",-47.7278564746597,4.36935738011521
"C231122001_CELL766_N1",-17.6235775341273,17.8648127644228
"C231122001_CELL78_N1",-17.7591922631506,-42.4031295231805
"C231122001_CELL795_N2",-21.8643062274611,-24.0388936455037
"C231122001_CELL823_N1",-10.7344865035978,-31.7796439111077
"C231122001_CELL839_N2",-18.2204732499101,-21.4894831077749
"C231122001_CELL843_N3",-19.8164425523094,-30.8709525422384
"C231122001_CELL844_N1",-20.2027419997519,-31.0494346971805
"C231122001_CELL855_N1",25.2185157684059,-40.1750237298
"C231122001_CELL859_N1",-11.2701209084033,-34.0575512371818
"C231122001_CELL902_N1",22.1747484774439,-42.712301546433
"C231122001_CELL911_N2",-8.44086753332258,14.9855656737575
"C231122001_CELL920_N3",4.43474263422444,60.5257046062655
"C231122001_CELL931_N3",-0.912169338712767,-8.81082555122141
"C231122001_CELL944_N3",19.4303277629341,16.3643701955901
"C231122001_CELL961_N3",-55.9451669643739,8.19697313227419
"C231122002_CELL1027_N2",6.12452949507279,8.41190333327629
"C231122002_CELL1059_N3",0.652342794872457,52.2945144725545
"C231122002_CELL1065_N2",-50.5673150781796,-7.38588109732343
"C231122002_CELL1081_N2",-14.7661992290422,-10.1509458470877
"C231122002_CELL1095_N2",-46.3585814191282,-13.2973595600719
"C231122002_CELL1104_N2",-46.6679881841079,-8.73827433178071
"C231122002_CELL1110_N3",-28.9526428413054,31.1251135561785
"C231122002_CELL1134_N2",-16.5523683051214,-0.772873799829844
"C231122002_CELL1160_N2",-6.50388176705589,-45.7653154442588
"C231122002_CELL1173_N2",-53.5162783748908,15.6421376926056
"C231122002_CELL1188_N3",-17.5201598539395,45.9461100600537
"C231122002_CELL1190_N2",-23.3900037853236,-16.5064401595535
"C231122002_CELL1194_N2",-35.6372685112658,-35.4333999323619
"C231122002_CELL1195_N2",14.9082682468343,18.3643706224252
"C231122002_CELL1197_N3",5.3677296452516,0.468770411043954
"C231122002_CELL1202_N4",-30.3164497767099,-7.08521604771022
"C231122002_CELL1204_N3",-19.6283337415836,-11.5421076502692
"C231122002_CELL1229_N2",-15.137528930809,-18.9754588203965
"C231122002_CELL1236_N1",-12.8633909507322,-15.7043184724152
"C231122002_CELL1251_N2",15.0301294022884,18.1403582699099
"C231122002_CELL1276_N1",2.17226681850281,-38.2348249034843
"C231122002_CELL134_N2",-32.6228147713717,-31.782459691229
"C231122002_CELL1367_N2",-24.7204738149812,-15.870625311754
"C231122002_CELL1371_N2",-17.7818946528363,46.2657763662234
"C231122002_CELL1389_N3",38.0999035384848,20.6001802608247
"C231122002_CELL1410_N3",-16.1608585291049,-11.8473228010852
"C231122002_CELL1414_N2",-15.4774913580436,0.0558396409825784
"C231122002_CELL1484_N3",16.4180142444012,22.2460242803318
"C231122002_CELL149_N2",-16.5957287628678,27.3159909109434
"C231122002_CELL1513_N1",-3.34414129515254,-35.012843779539
"C231122002_CELL1526_N3",-46.3698684007651,-19.371284313981
"C231122002_CELL1536_N1",-17.6097653940526,-42.1743994929702
"C231122002_CELL1550_N2",-52.1043522559599,14.9952684597625
"C231122002_CELL1561_N2",21.8483100866672,-4.70384256208551
"C231122002_CELL1591_N2",0.825612893158743,52.4066951636523
"C231122002_CELL1600_N2",-20.6205474452011,-39.8484586401381
"C231122002_CELL1620_N2",-41.6740234038528,14.1960967338956
"C231122002_CELL1635_N4",-23.7689068225242,5.57306519395925
"C231122002_CELL1648_N2",-43.4801180063951,-23.1491115641717
"C231122002_CELL165_N5",-10.7201207269535,21.031839060046
"C231122002_CELL1665_N2",-20.6685732238353,-39.8264137125783
"C231122002_CELL1718_N2",5.69156945024895,1.82461272467846
"C231122002_CELL1733_N2",27.379652248074,23.8587177402729
"C231122002_CELL175_N1",-19.6318116833734,-10.4807137042795
"C231122002_CELL1775_N2",-14.8220646405858,0.525246156343074
"C231122002_CELL1830_N2",-20.3278882294525,-36.3690186696818
"C231122002_CELL1849_N2",-9.62999713822517,37.6109300008277
"C231122002_CELL1889_N3",6.4777998641115,-39.3549584205777
"C231122002_CELL1937_N1",26.8846450723148,-40.6428874383307
"C231122002_CELL2062_N1",-17.6998743294527,-8.44407870091314
"C231122002_CELL2068_N1",1.76204966355074,-39.8161620699365
"C231122002_CELL2073_N1",-5.41167469706104,2.18108030570154
"C231122002_CELL2116_N1",-40.2064323112461,-6.1077523687629
"C231122002_CELL2179_N1",-15.6666374306685,-23.6460437927641
"C231122002_CELL21_N2",-8.68415656369262,0.521368732305675
"C231122002_CELL2229_N1",31.0147300092841,21.9165385653337
"C231122002_CELL2273_N1",-32.6209261602309,-32.2326358447308
"C231122002_CELL2274_N1",-17.799008870278,-39.4012013118327
"C231122002_CELL2299_N1",6.74194183538693,-40.5835224277355
"C231122002_CELL2342_N1",30.7003327429142,-47.8254398345297
"C231122002_CELL2364_N1",-23.6024001902107,4.62798539460911
"C231122002_CELL2396_N1",-42.380964413652,-18.0403876561288
"C231122002_CELL240_N3",-1.36263525723163,-8.83592729070838
"C231122002_CELL2445_N1",-30.5239760938426,-33.8091017667209
"C231122002_CELL2512_N1",-13.5353210328431,-11.2422612312992
"C231122002_CELL2538_N1",18.9047084546885,-47.9477045962474
"C231122002_CELL2557_N1",-19.5805074227189,-30.1490417808679
"C231122002_CELL260_N3",-1.60477281346005,2.29737634769784
"C231122002_CELL264_N1",10.2178452023508,-11.7713187152587
"C231122002_CELL2686_N1",-49.24368348063,-5.27787636233721
"C231122002_CELL2694_N1",-9.23158349265004,51.1480412463327
"C231122002_CELL274_N5",-3.61791956594114,-30.6959392024143
"C231122002_CELL2796_N1",-19.7378783589475,-10.253990721704
"C231122002_CELL2899_N1",17.2293093395424,-32.0016412820972
"C231122002_CELL2929_N1",-28.5530177887035,-45.6784728106561
"C231122002_CELL2942_N1",-5.2032319039117,-4.66348182393431
"C231122002_CELL2945_N1",-16.0321061807084,-28.9346359715669
"C231122002_CELL2979_N1",-46.6336897926611,-23.8805656062076
"C231122002_CELL2981_N1",-28.1524359061302,11.1473049491302
"C231122002_CELL3013_N1",-12.5814955860521,-30.6526123304888
"C231122002_CELL3080_N1",17.8739394317944,-11.0808592936023
"C231122002_CELL3082_N1",8.5680606932264,-2.03413325690337
"C231122002_CELL3096_N1",29.6508865378616,-40.4066974385397
"C231122002_CELL3106_N1",-25.3308748942843,-15.2571040404288
"C231122002_CELL317_N3",-56.7163954143258,8.28196547801955
"C231122002_CELL3210_N1",2.6029030850929,-50.804129182923
"C231122002_CELL3212_N1",-24.0585943502414,-15.9368166077607
"C231122002_CELL332_N2",-17.6716042211758,-1.10983493511131
"C231122002_CELL3415_N1",-53.4655613317809,-8.19836855766441
"C231122002_CELL344_N2",-29.8672506094667,-25.2747453179081
"C231122002_CELL3480_N1",-20.209845413,-24.207019960876
"C231122002_CELL3488_N1",-13.4522124442998,-36.7753927986681
"C231122002_CELL3502_N1",-20.3079487696289,-36.405761438353
"C231122002_CELL353_N1",29.5983913401909,-46.1735405815736
"C231122002_CELL3545_N1",9.26356956267475,-11.2148127746999
"C231122002_CELL354_N4",-22.969788069195,-3.27667583260716
"C231122002_CELL3661_N1",2.96084805186937,-50.1222180997819
"C231122002_CELL366_N4",-32.2392073058444,-13.3600559462396
"C231122002_CELL3672_N1",-49.9652772844374,-10.0739499393401
"C231122002_CELL367_N2",-8.69686099716828,1.13836742693573
"C231122002_CELL3752_N1",-30.0120525537799,-25.3252711237052
"C231122002_CELL3793_N1",11.9253344447633,22.2860147340318
"C231122002_CELL3819_N1",1.43284712258569,-38.2656249071747
"C231122002_CELL3822_N1",-11.5754051530687,-30.8027042987165
"C231122002_CELL3839_N1",-8.67964168756113,-0.170482117536037
"C231122002_CELL383_N4",-32.2104318318656,-12.9326589978226
"C231122002_CELL3855_N1",18.6032257219057,-34.3875435491411
"C231122002_CELL387_N1",7.1211465884457,1.79710204258521
"C231122002_CELL3956_N1",-2.7034587770901,-34.6195763448139
"C231122002_CELL3968_N1",-7.29400616774655,-29.4026370056544
"C231122002_CELL397_N4",-45.9274661874812,-7.57570289009646
"C231122002_CELL4005_N1",-17.8445828594333,-28.8516179527226
"C231122002_CELL4029_N1",-10.8939886797511,-20.2915000516128
"C231122002_CELL4058_N1",-4.15210965359745,-41.690052470082
"C231122002_CELL4121_N1",-25.3184157985458,-27.979419683655
"C231122002_CELL4135_N1",-19.1227071888187,-9.95833132165392
"C231122002_CELL4188_N1",30.3165842925254,-33.8281609853483
"C231122002_CELL4222_N1",26.5601108723278,-49.434998767282
"C231122002_CELL4238_N1",13.4020071186325,4.78035653869938
"C231122002_CELL4269_N1",-25.3277469012069,-33.3026657511158
"C231122002_CELL4282_N1",36.2700835344149,-42.0874049728809
"C231122002_CELL4289_N1",11.5252080814801,-34.8881260119826
"C231122002_CELL4312_N1",-0.365418088426965,-45.6698259031573
"C231122002_CELL4325_N1",-10.1021763616035,7.33402431496911
"C231122002_CELL4337_N1",21.4250721006074,-30.0941302542042
"C231122002_CELL4342_N1",-26.955738788443,-46.7482078967727
"C231122002_CELL4379_N1",1.79963969701178,-35.8248239515018
"C231122002_CELL437_N3",12.8082960294842,8.70388513812597
"C231122002_CELL4390_N1",-15.2152537051317,0.109822959764538
"C231122002_CELL4415_N1",-1.35109913066279,7.40882070231123
"C231122002_CELL4490_N1",2.82742572041113,-38.9983491066802
"C231122002_CELL4502_N1",-46.7195987909035,-23.9895031710509
"C231122002_CELL4548_N1",-24.3631689308996,-41.4620529496025
"C231122002_CELL4555_N1",29.7476395566391,-20.9902664884377
"C231122002_CELL4593_N1",-53.3298161150389,-8.21673596051246
"C231122002_CELL4595_N1",-25.6123177935805,-37.1952497514191
"C231122002_CELL4607_N1",-2.00981475578204,-46.793231374902
"C231122002_CELL460_N1",18.9962830005635,-38.10693025854
"C231122002_CELL4665_N1",-0.335104117617529,-45.654160769357
"C231122002_CELL468_N2",-37.7774547423325,-5.94372496667445
"C231122002_CELL4753_N1",-32.1672340731165,-27.6301383258585
"C231122002_CELL4758_N1",-47.0018251140966,7.12225809431439
"C231122002_CELL4777_N1",33.9127680256593,-17.0808312349757
"C231122002_CELL486_N2",-52.3050015100895,-8.27565023050775
"C231122002_CELL493_N2",-32.3893712349271,31.2963133914755
"C231122002_CELL4980_N1",9.45185060894888,-9.88546290676217
"C231122002_CELL4992_N1",35.610668397088,-42.3664171470127
"C231122002_CELL5010_N1",-11.7224076661389,-4.48849556394787
"C231122002_CELL5043_N1",12.7473570075296,-33.9548709152595
"C231122002_CELL5102_N1",-11.1357976182103,8.48707667036536
"C231122002_CELL5134_N1",-3.1885933724291,-41.9929045041662
"C231122002_CELL516_N3",-23.4355560980426,-4.34097485073667
"C231122002_CELL5369_N1",6.68295424977347,2.94967290577331
"C231122002_CELL5373_N1",16.9435052054348,0.65774003824
"C231122002_CELL5387_N1",28.1376104311884,-34.5335512023356
"C231122002_CELL5395_N1",21.0460069656439,-46.4831240344387
"C231122002_CELL5402_N1",-32.2464185085379,-28.1569686341974
"C231122002_CELL558_N3",-50.8668132405485,-8.47855148952087
"C231122002_CELL572_N2",-24.3150921278629,-10.0858349045477
"C231122002_CELL576_N1",28.8475481395273,-51.2759041864454
"C231122002_CELL620_N3",12.1339575467635,3.50215670803929
"C231122002_CELL627_N3",-15.4918276706331,-10.5746594067229
"C231122002_CELL639_N2",-30.7347944876783,-33.6946401002997
"C231122002_CELL672_N2",-46.6715954741716,3.34896938069144
"C231122002_CELL682_N2",-32.6119100380596,-30.724267601225
"C231122002_CELL702_N2",-12.5341609723582,-4.57742177753652
"C231122002_CELL725_N2",-35.9287152067599,-35.0693371064808
"C231122002_CELL734_N2",-24.2435207791267,-41.6396116807792
"C231122002_CELL757_N1",18.6525340853288,-34.3856381802989
"C231122002_CELL833_N2",-19.7606158895968,-32.4230165122206
"C231122002_CELL891_N2",-44.0533653519429,-21.886421746807
"C231122002_CELL894_N3",-4.37478532422207,55.5101590717885
"C231122002_CELL950_N3",-43.6150885987944,-7.12389051125859
"C231122002_CELL963_N3",0.100469720097242,-29.9333239117929
"C231122002_CELL970_N1",-16.087815333688,-28.9594441400386
"C231122002_CELL972_N2",-44.3305782677328,-21.3478810321114
"C231122002_CELL993_N2",12.8317402916244,15.8994526806541
"C231122007_CELL1003_N2",9.86882665335402,32.7207085536565
"C231122007_CELL1004_N2",50.6208919566439,-5.17875973421522
"C231122007_CELL1007_N2",-11.9566330311592,27.4551422770885
"C231122007_CELL1010_N5",29.9505336264504,8.45568699638208
"C231122007_CELL1018_N4",4.54904689719227,36.2176126757264
"C231122007_CELL1019_N2",-2.88777916313206,39.8114637339685
"C231122007_CELL1023_N3",-12.5578287898914,11.0585361723142
"C231122007_CELL1025_N1",15.8546635890626,7.79564968774835
"C231122007_CELL1026_N2",38.976116503013,8.59477860915465
"C231122007_CELL102_N3",-29.7631222240494,15.6251070790908
"C231122007_CELL1033_N1",-45.9320961434023,17.8768023922039
"C231122007_CELL103_N6",-0.25104167061058,28.9203211640737
"C231122007_CELL1041_N1",37.3957687637836,-27.1592505814782
"C231122007_CELL1048_N2",-46.0645889326457,17.2957713048582
"C231122007_CELL1055_N1",51.1073597920095,-0.220168624799368
"C231122007_CELL1057_N2",-0.638508433431768,2.99734083920751
"C231122007_CELL105_N2",-11.3328820324859,13.5179466695685
"C231122007_CELL1061_N2",14.3494585331509,-19.0954571113597
"C231122007_CELL1062_N1",8.90712610010331,-20.3378547077305
"C231122007_CELL1067_N3",-52.8736506371471,7.39873581671843
"C231122007_CELL1068_N2",38.1506649422074,-26.8411374748154
"C231122007_CELL1069_N2",8.06029840751598,42.2860890017038
"C231122007_CELL1070_N2",47.7146864851381,-9.77772714611104
"C231122007_CELL1080_N2",9.42686342580371,3.38307016256049
"C231122007_CELL1094_N3",13.4054686092338,51.4886699865299
"C231122007_CELL1106_N2",-2.02550560721888,6.82178580187678
"C231122007_CELL1107_N4",-10.4574401462706,46.3764320923518
"C231122007_CELL1111_N1",13.0151306280036,-3.93855289692914
"C231122007_CELL1118_N1",46.9272492986528,-17.4772911883744
"C231122007_CELL111_N6",-18.7918929997032,16.4115130057109
"C231122007_CELL1143_N2",-3.77210987190916,27.7746715026695
"C231122007_CELL1147_N2",-14.1634282491133,52.8437394146721
"C231122007_CELL1148_N2",-15.147435234705,56.2637071132204
"C231122007_CELL1153_N2",-15.2807773781061,43.3782135764059
"C231122007_CELL1160_N3",23.81642815233,37.7444481049268
"C231122007_CELL1162_N2",-13.2326085588721,26.4173798361576
"C231122007_CELL1175_N2",46.9376726279713,-21.7177385442476
"C231122007_CELL1177_N2",-13.7830682495524,-8.55301397800883
"C231122007_CELL1178_N3",-0.586524818545034,59.3760483740295
"C231122007_CELL1182_N1",14.6082350431994,2.83901123341976
"C231122007_CELL1186_N3",-20.3449155499272,-48.3086717625277
"C231122007_CELL1195_N3",-33.971769107418,5.53198294033493
"C231122007_CELL119_N1",39.0736904861048,8.3945794671053
"C231122007_CELL11_N1",-46.7645511002528,-5.99811961020801
"C231122007_CELL1204_N3",22.678170358441,42.1470979777382
"C231122007_CELL1207_N4",-8.79988377255184,21.8722473834242
"C231122007_CELL1233_N2",35.6746608695598,16.1697013718092
"C231122007_CELL1235_N2",-11.7259480813278,27.5114515214151
"C231122007_CELL1243_N2",-12.8684292551436,26.8365964205362
"C231122007_CELL1250_N1",-7.17397855414776,-26.3735170244039
"C231122007_CELL1258_N3",9.63065886349176,48.2907777584748
"C231122007_CELL1261_N2",-46.0034640659967,17.1440328634708
"C231122007_CELL1271_N1",41.9586487038578,15.0660831523691
"C231122007_CELL1272_N2",-9.39092503374454,37.8122234534475
"C231122007_CELL1277_N2",-5.1394262035014,23.9833837516331
"C231122007_CELL1279_N2",11.3568808076513,-35.2080189043932
"C231122007_CELL1297_N1",19.1347563613409,-6.04226097937085
"C231122007_CELL1298_N2",-3.39571601117794,43.6183231123874
"C231122007_CELL1312_N2",-37.0002303373241,-0.680121982887715
"C231122007_CELL1327_N3",32.4081176418993,7.20831381434963
"C231122007_CELL1328_N2",-1.87812056294659,27.2193695643046
"C231122007_CELL1336_N2",-9.32369085159213,-4.37695715296475
"C231122007_CELL1350_N3",19.5796692347205,-7.61797156808449
"C231122007_CELL1355_N2",43.3157844602578,18.3340543082683
"C231122007_CELL1366_N2",10.3963192398079,42.4397347282524
"C231122007_CELL1371_N2",43.3160329103447,-16.8218374812752
"C231122007_CELL1377_N2",37.3790788622532,-23.9578184894126
"C231122007_CELL1378_N3",-8.19724938739467,29.2567285525621
"C231122007_CELL1384_N1",40.682946177184,-36.5931866850618
"C231122007_CELL1387_N1",43.9019546241258,13.004177949468
"C231122007_CELL1389_N3",5.82257690041309,45.3501268258684
"C231122007_CELL1394_N1",-54.8573922751173,8.14968823977486
"C231122007_CELL1395_N4",5.40600779414776,-45.4584537271026
"C231122007_CELL13_N1",2.72784864100237,-27.3748497560987
"C231122007_CELL1402_N3",-32.6349365897667,-30.7906060554815
"C231122007_CELL1407_N3",-12.1297579686412,12.3462282386202
"C231122007_CELL1414_N2",-11.398906592205,-30.240047092263
"C231122007_CELL1416_N3",18.8232235870564,-11.127024070338
"C231122007_CELL1444_N2",19.4852430626757,-47.5547703444096
"C231122007_CELL1452_N3",31.6400932171213,9.22475229475541
"C231122007_CELL1453_N1",1.98829825231538,-34.289265173519
"C231122007_CELL1465_N2",-46.6785022510602,3.12971405751872
"C231122007_CELL1466_N1",-10.7569353720925,-31.8966629511341
"C231122007_CELL1474_N1",-18.7198005733174,33.3933912127665
"C231122007_CELL1493_N4",-7.12162043927237,29.1857106651808
"C231122007_CELL1501_N2",3.11826452895121,-7.31408055297345
"C231122007_CELL1504_N4",-1.46884569753216,58.6657819371477
"C231122007_CELL1505_N2",45.1167351502241,-13.1333728646128
"C231122007_CELL1507_N2",5.00429211534424,5.85381484270827
"C231122007_CELL1530_N2",-4.89862016783191,45.0926797846293
"C231122007_CELL1535_N2",27.0841289483612,11.811984893475
"C231122007_CELL153_N5",35.2713262000012,24.9909358552105
"C231122007_CELL1560_N3",7.61938935652301,45.6209784554481
"C231122007_CELL1578_N3",27.3992678682289,-37.8168681491209
"C231122007_CELL1579_N1",-45.2868754952984,20.6352047733943
"C231122007_CELL1591_N4",12.6739238818801,37.5093195864656
"C231122007_CELL1596_N2",24.9890226140632,4.55613495480273
"C231122007_CELL1602_N2",28.8527146740501,-37.556137796202
"C231122007_CELL1612_N3",3.14637840609586,-7.05893288181068
"C231122007_CELL1613_N3",0.680456302686612,39.8443794910575
"C231122007_CELL1618_N2",17.6111920403517,43.8379695964887
"C231122007_CELL1619_N2",36.4540275294071,24.9836710311077
"C231122007_CELL1621_N2",44.4098609544511,18.6812950355706
"C231122007_CELL1625_N2",-7.16109502629657,50.0997059301958
"C231122007_CELL1628_N4",-16.6627247183605,-0.883266731893351
"C231122007_CELL1632_N3",35.828587020227,28.6939177855434
"C231122007_CELL1633_N3",13.0046288742001,47.0202862409906
"C231122007_CELL1639_N2",-7.16563543495281,38.1602842038665
"C231122007_CELL1652_N4",-23.279119705564,-0.0723878445503797
"C231122007_CELL1654_N1",28.6614518881038,10.9420923084442
"C231122007_CELL1656_N2",23.8418975037551,38.6502380147814
"C231122007_CELL1660_N1",48.3139813961296,-23.0257450777357
"C231122007_CELL1665_N1",8.50434546161348,-20.0262529518263
"C231122007_CELL1671_N3",-12.8082409591334,-15.5917592108611
"C231122007_CELL1675_N2",37.3733378063842,24.1922237252681
"C231122007_CELL1678_N2",-5.35708453330327,61.159033930205
"C231122007_CELL1684_N2",-45.951623358214,-7.41792979168685
"C231122007_CELL1690_N1",-43.8470133409997,-3.86632775081898
"C231122007_CELL1705_N2",34.6802381473081,-38.3272180729768
"C231122007_CELL1707_N2",5.75046008481085,44.852726707781
"C231122007_CELL1712_N2",37.0595883665906,-4.85440384286435
"C231122007_CELL1715_N2",1.78432814885017,-29.5942077792291
"C231122007_CELL1717_N3",-12.5144241536963,9.25850146765269
"C231122007_CELL1718_N2",9.91574432554531,50.675318929731
"C231122007_CELL1744_N2",29.6013591971466,-46.1921007235299
"C231122007_CELL1766_N2",51.5221524816812,-4.89770656443554
"C231122007_CELL1773_N1",10.2501700809861,24.9768676095132
"C231122007_CELL1782_N1",20.2409051796044,-42.6095008688596
"C231122007_CELL1795_N3",-13.3032205728449,44.9459231953741
"C231122007_CELL1796_N4",16.2958551365414,27.2087852017636
"C231122007_CELL1804_N2",14.8408313716901,-21.7732045433867
"C231122007_CELL1807_N2",43.3869468083998,19.3199947592609
"C231122007_CELL1822_N3",37.7402434209064,-5.2965263399263
"C231122007_CELL1836_N1",21.8204900495451,27.5487820807804
"C231122007_CELL1871_N1",-20.8237579718618,52.930501370677
"C231122007_CELL1890_N1",37.5028939757552,-17.5368490599372
"C231122007_CELL1913_N1",2.23335732137564,-51.0444420039434
"C231122007_CELL192_N1",-32.1282519293433,-11.6565063157376
"C231122007_CELL193_N1",32.1153996586502,9.56587602236003
"C231122007_CELL1976_N1",-46.5852504879906,10.0583406900384
"C231122007_CELL2030_N1",-9.26163339784474,41.7555370922835
"C231122007_CELL2032_N1",-25.1936115162121,-48.1562153125283
"C231122007_CELL203_N3",11.6866116412454,40.1832298418266
"C231122007_CELL2061_N1",-3.95908503842661,58.8618407267956
"C231122007_CELL20_N3",-14.8194153427947,39.1129531842746
"C231122007_CELL215_N2",-2.98400409553798,59.0677999666827
"C231122007_CELL2163_N1",47.4223177947192,-22.8379653842714
"C231122007_CELL2182_N1",14.0299577711742,2.90027810839756
"C231122007_CELL2188_N1",-1.19087091554275,19.0121542989345
"C231122007_CELL2236_N1",-0.874677830230244,12.0946776431985
"C231122007_CELL2266_N1",43.5087434926043,-32.6843458816426
"C231122007_CELL2283_N1",-43.4592336677963,-4.3503046444553
"C231122007_CELL2295_N1",22.0181766984568,-46.8517255028977
"C231122007_CELL2331_N1",21.7409637326753,-29.265881847422
"C231122007_CELL2339_N1",32.0169556206727,-48.1085724838419
"C231122007_CELL233_N2",16.0786326756924,44.2188485342243
"C231122007_CELL234_N1",26.5504397679091,12.3458068506413
"C231122007_CELL2356_N1",-38.0874115524514,-6.81976502771182
"C231122007_CELL236_N2",-0.926861231999206,-34.5279792990642
"C231122007_CELL2428_N1",29.2988139665326,-6.63066379916222
"C231122007_CELL2429_N1",-25.3018405888743,0.946927174558702
"C231122007_CELL2445_N1",-35.5753687287076,5.53796533235157
"C231122007_CELL2470_N1",35.9565764160381,-42.2263455593446
"C231122007_CELL247_N1",21.0627607600206,-30.2612292524107
"C231122007_CELL2498_N1",-5.69243814031014,27.2112701050763
"C231122007_CELL250_N1",-2.16486371073064,-1.78486643556779
"C231122007_CELL2521_N1",-11.5089369617976,36.8719136287354
"C231122007_CELL252_N2",34.0045266238535,28.2490412693687
"C231122007_CELL253_N4",-42.5321759696941,-5.0318397793247
"C231122007_CELL2540_N1",-2.27870274319753,-13.2925244058881
"C231122007_CELL2561_N1",3.82119981358518,8.20931052732536
"C231122007_CELL256_N1",41.8521342191604,-17.2209381680685
"C231122007_CELL2572_N1",24.0241339235414,39.0470938447096
"C231122007_CELL2575_N1",0.653470471908798,35.3873662721954
"C231122007_CELL2579_N1",4.29850275240066,17.0869458408717
"C231122007_CELL257_N3",0.489074503760801,59.1869501090073
"C231122007_CELL259_N2",-28.4933739918249,20.1844979040352
"C231122007_CELL2606_N1",7.00078553303569,-23.8024908516959
"C231122007_CELL2633_N1",17.7975346367244,-38.3215728313457
"C231122007_CELL2655_N1",-28.9993235399528,-2.83434578706732
"C231122007_CELL266_N4",37.0366409959083,10.8897554930315
"C231122007_CELL2674_N1",35.7386998970228,29.3494316286949
"C231122007_CELL2688_N1",42.4868701910968,-27.1931508112861
"C231122007_CELL2707_N1",-4.56583509919188,47.3859269312546
"C231122007_CELL273_N5",24.6519480823598,20.0775000411834
"C231122007_CELL2751_N1",-18.4970485716934,16.2477265568222
"C231122007_CELL275_N2",21.2673966197947,10.5658434331944
"C231122007_CELL2762_N1",37.6803625890155,28.2415957614377
"C231122007_CELL2793_N1",-44.0334804076096,9.35725815502061
"C231122007_CELL2800_N1",16.0136316627224,-9.001521911662
"C231122007_CELL2808_N1",44.4788817450587,-27.175618916926
"C231122007_CELL2861_N1",-5.50460100388041,-19.9055101312062
"C231122007_CELL286_N2",39.6472904500878,23.8524681393892
"C231122007_CELL2932_N1",25.1204709772997,21.1490955545866
"C231122007_CELL2933_N1",10.8935950485187,34.1393058116629
"C231122007_CELL2935_N1",-2.76777100799253,-1.02235737395745
"C231122007_CELL2936_N1",4.06138154587702,-1.97266537290836
"C231122007_CELL2941_N1",9.89001526954434,32.4360584700909
"C231122007_CELL2970_N1",7.37818266748938,22.0775013374206
"C231122007_CELL3002_N1",6.48779320949802,33.8887557248127
"C231122007_CELL3003_N1",4.548619208882,-45.972482378178
"C231122007_CELL3026_N1",-27.4544045276371,31.3508590299411
"C231122007_CELL3049_N1",41.4807617949242,-14.646554700033
"C231122007_CELL304_N2",-8.8449670508047,15.1691207876598
"C231122007_CELL307_N4",8.57166400426018,48.2159120144476
"C231122007_CELL3080_N1",12.6269350632957,9.45008402491923
"C231122007_CELL3086_N1",18.2943152565339,-41.3689875919272
"C231122007_CELL308_N2",14.4692997753052,-19.6425315813457
"C231122007_CELL3091_N1",-15.2886273543538,-10.0463912300264
"C231122007_CELL3092_N1",24.4566560435241,18.8530170480692
"C231122007_CELL309_N3",-5.02009907640384,24.28028412658
"C231122007_CELL3109_N1",-6.59891736034695,10.1015059437074
"C231122007_CELL3119_N1",18.6245316951374,-38.8159304867723
"C231122007_CELL3176_N1",45.968612960223,-7.68750012811001
"C231122007_CELL3177_N1",4.00516946561091,-56.5486586268319
"C231122007_CELL3178_N1",14.3701604024475,-34.0548947506518
"C231122007_CELL317_N1",33.7769652055788,-42.5620087527137
"C231122007_CELL3180_N1",1.01026567071782,-10.893949444939
"C231122007_CELL321_N2",30.1614622079709,11.2951673257718
"C231122007_CELL3301_N1",2.16177583306443,41.9140561589806
"C231122007_CELL3322_N1",-21.6111490402865,-47.9185178083274
"C231122007_CELL333_N4",-16.7689721047734,27.0232386874134
"C231122007_CELL334_N5",-17.9994038850708,-38.7677393151071
"C231122007_CELL3363_N1",42.621948072971,13.2142355413166
"C231122007_CELL336_N1",51.0419829626877,-0.317439101969546
"C231122007_CELL338_N2",47.2903630404164,-22.9335764238361
"C231122007_CELL3452_N1",-37.384881480927,3.51046384103486
"C231122007_CELL3466_N1",8.9796769658702,33.4622345493199
"C231122007_CELL3470_N1",29.0848099446444,11.8810701888465
"C231122007_CELL348_N2",25.2885155625435,-13.064382789385
"C231122007_CELL351_N1",48.8139608988868,-23.0284455062683
"C231122007_CELL3542_N1",31.6528616887244,5.30280219588395
"C231122007_CELL354_N3",5.25185157453288,-1.03055922649067
"C231122007_CELL3562_N1",42.0401616030468,-19.9213844606799
"C231122007_CELL356_N2",4.46143135704034,-23.1252767787602
"C231122007_CELL358_N2",27.8584677249059,6.68786182623359
"C231122007_CELL3594_N1",0.301845759702704,17.0154912346822
"C231122007_CELL3596_N1",34.1292869642634,28.1456030258335
"C231122007_CELL359_N4",32.8047268057105,17.5797949446092
"C231122007_CELL3604_N1",-2.08184342006813,-42.2232799734674
"C231122007_CELL362_N2",4.96775814187814,-55.231946515562
"C231122007_CELL3638_N1",30.3600569600817,-35.9396850837718
"C231122007_CELL3642_N1",-46.3460149427966,-13.3420747582444
"C231122007_CELL3650_N1",-0.782685488352767,64.957555945782
"C231122007_CELL3659_N1",30.9416054105224,22.01889126886
"C231122007_CELL3672_N1",-25.5479036737323,0.0894030802492386
"C231122007_CELL367_N1",-19.2442539613175,32.2202512863774
"C231122007_CELL3696_N1",-20.0893721711583,20.5732876711872
"C231122007_CELL36_N1",39.3728542540855,23.967643835351
"C231122007_CELL3704_N1",-8.76536101244412,-22.1854892331348
"C231122007_CELL370_N1",19.8971335668245,-47.2764852213109
"C231122007_CELL3738_N1",-13.6519860993346,-23.9157933427924
"C231122007_CELL3762_N1",40.044175579172,6.94697574681701
"C231122007_CELL3765_N1",-35.84830282782,4.03109054800831
"C231122007_CELL3769_N1",29.6380376510663,3.40582962521911
"C231122007_CELL3820_N1",4.88136428537506,-54.8806916324546
"C231122007_CELL384_N2",-3.2608197068778,32.0111028479205
"C231122007_CELL3862_N1",15.5716579958645,24.4328021686642
"C231122007_CELL3873_N1",-8.59290231975316,-9.3834353053431
"C231122007_CELL3880_N1",-28.4742003212857,-45.7231736581578
"C231122007_CELL3889_N1",44.2445091097362,-31.2677223944299
"C231122007_CELL3902_N1",-36.4088747897105,-0.564480560724067
"C231122007_CELL3904_N1",35.9588454657329,-42.2278727435017
"C231122007_CELL3928_N1",7.51988041841806,-22.9786784039129
"C231122007_CELL3930_N1",-11.5119385759541,46.0026510005787
"C231122007_CELL3944_N1",-1.20713713889009,62.9462442655353
"C231122007_CELL3989_N1",-41.1931127845761,-13.0067180362915
"C231122007_CELL398_N2",35.6558494194658,16.4425668952737
"C231122007_CELL399_N1",46.4952950904851,22.4331227626325
"C231122007_CELL4015_N1",-1.93407441038636,39.6228695063647
"C231122007_CELL4021_N1",36.1067836766151,24.7742859946895
"C231122007_CELL402_N3",-51.5943748805729,17.3955111598524
"C231122007_CELL4032_N1",-3.24749417959709,-31.1446544785901
"C231122007_CELL4062_N1",8.76739112184282,-4.97477097734044
"C231122007_CELL406_N2",-9.71631460253968,24.3271704830601
"C231122007_CELL4097_N1",18.2672808293697,0.640201747954819
"C231122007_CELL4135_N1",41.5575897306488,-10.7793573532089
"C231122007_CELL4182_N1",2.21364949465766,-28.0843728588717
"C231122007_CELL4185_N1",-41.1783004860148,-12.9828595985644
"C231122007_CELL419_N1",34.5737110262053,5.35529179758636
"C231122007_CELL4210_N1",7.10919124730887,-29.4710326022595
"C231122007_CELL422_N1",42.1477718165803,-27.0891484721022
"C231122007_CELL4254_N1",-0.191281806539253,-35.234562538241
"C231122007_CELL4264_N1",-16.3977660389619,11.2835450384105
"C231122007_CELL4294_N1",21.9046601297284,-30.3276946361896
"C231122007_CELL430_N1",21.5257663250879,9.69127708260607
"C231122007_CELL4327_N1",-18.3878273140744,32.2925697542799
"C231122007_CELL4337_N1",-48.1400230794657,13.9250840288618
"C231122007_CELL4339_N1",20.1146384082227,-17.1990750019789
"C231122007_CELL4351_N1",31.3608327907947,6.38112605028665
"C231122007_CELL435_N4",-9.07966544938969,15.2999476463163
"C231122007_CELL4364_N1",-29.7686202778371,15.6071542382504
"C231122007_CELL441_N2",8.60119467476589,3.84971296706881
"C231122007_CELL4423_N1",-46.0815072943222,-5.91325513291474
"C231122007_CELL4424_N1",-25.653247532864,-6.65896473977797
"C231122007_CELL4474_N1",-28.5424496383315,21.1353719460863
"C231122007_CELL449_N2",-16.459290916782,-9.06588513996825
"C231122007_CELL4510_N1",2.98319132335078,-55.2876261766398
"C231122007_CELL4512_N1",36.5182338700442,-24.6614176203345
"C231122007_CELL452_N2",21.1917467387491,-5.58910279959609
"C231122007_CELL4530_N1",-53.1082982695512,8.55297487997233
"C231122007_CELL4550_N1",-43.9154337056629,-18.2506166847852
"C231122007_CELL455_N2",0.764066815923383,43.3846702867432
"C231122007_CELL4569_N1",18.4394267422206,-8.92028482843193
"C231122007_CELL4596_N1",32.3904362058797,-21.5629691321066
"C231122007_CELL4614_N1",12.2786529487579,43.3610682423668
"C231122007_CELL4617_N1",-9.23522494857295,46.8566548864571
"C231122007_CELL463_N2",-0.0497252609076953,51.7219862388916
"C231122007_CELL4656_N1",27.8438346272495,9.35618249051105
"C231122007_CELL4678_N1",-39.1133812989869,-18.9755872595487
"C231122007_CELL4684_N1",-1.00343846674845,-22.251079601411
"C231122007_CELL468_N2",-9.87562306619873,19.0276883448055
"C231122007_CELL46_N2",-11.8068568298429,44.3571708470972
"C231122007_CELL4724_N1",40.583220756633,-32.8414342315577
"C231122007_CELL4729_N1",2.95236082402843,-6.25525326815474
"C231122007_CELL472_N3",-21.131636395131,51.3579314769366
"C231122007_CELL4755_N1",4.3287118011397,-23.0982385583433
"C231122007_CELL475_N5",9.60272447033642,47.5726431176604
"C231122007_CELL4763_N1",-31.6742232145035,-26.2438599945008
"C231122007_CELL4764_N1",24.3914959014803,18.7124397063354
"C231122007_CELL4777_N1",30.6157134010742,-36.0033004716122
"C231122007_CELL4778_N1",-1.01307754902381,57.3773826038695
"C231122007_CELL477_N2",9.18726445916268,-20.7647110287567
"C231122007_CELL4788_N1",6.04670183946514,44.787389092347
"C231122007_CELL4795_N1",29.4402029226199,13.1707823790573
"C231122007_CELL4796_N1",0.358578745114856,28.3215896857887
"C231122007_CELL4798_N1",-42.6052027868015,-18.2367845001922
"C231122007_CELL479_N2",-7.89013161459768,16.6452147800087
"C231122007_CELL4837_N1",-16.9350256404974,-46.0144389210886
"C231122007_CELL4841_N1",-0.415813137818679,18.4131484131532
"C231122007_CELL4851_N1",25.4602709885378,21.3987296941531
"C231122007_CELL4867_N1",36.845952972745,-4.70852161262768
"C231122007_CELL48_N1",5.20806809435011,44.057602481373
"C231122007_CELL4906_N1",42.8514807254497,-5.19039773321854
"C231122007_CELL4953_N1",-17.2201985216132,22.0777706975969
"C231122007_CELL4_N1",15.9708815960679,22.4169420945096
"C231122007_CELL5003_N1",39.4993010529214,-40.8142510937555
"C231122007_CELL500_N3",-19.2735463638413,34.2590993360975
"C231122007_CELL5058_N1",-40.7959706633566,-7.31748192555851
"C231122007_CELL5061_N1",-15.104344272207,43.8213784991662
"C231122007_CELL5068_N1",42.141317366352,-20.0160055041221
"C231122007_CELL5083_N1",2.83632334524856,-45.7801718838523
"C231122007_CELL5105_N1",38.9730464055971,-40.8182600522538
"C231122007_CELL5166_N1",44.7179215395708,-21.9381839632103
"C231122007_CELL5177_N1",-37.0850893606597,-7.12846075868597
"C231122007_CELL5212_N1",-14.2072355734307,54.5182882851579
"C231122007_CELL5245_N1",37.0885635895039,10.8708140092028
"C231122007_CELL5251_N1",-3.20457174731231,-12.7462072136804
"C231122007_CELL525_N2",9.37270512327611,47.8973680565782
"C231122007_CELL52_N3",27.1388833710064,5.99819149977802
"C231122007_CELL5305_N1",-24.6228580486534,-46.9622844700334
"C231122007_CELL5342_N1",6.77022237638979,-24.7245258786327
"C231122007_CELL5388_N1",-18.3526961907266,21.377412072705
"C231122007_CELL5418_N1",28.3633893267166,24.5073198049763
"C231122007_CELL5439_N1",-1.76228716922566,6.99825435567616
"C231122007_CELL5450_N1",-40.010189620628,-1.44294987648731
"C231122007_CELL5459_N1",37.3284268331978,18.6873183172812
"C231122007_CELL5467_N1",-8.67145173769389,57.8901771507781
"C231122007_CELL5492_N1",28.7610450972873,-41.6415364864861
"C231122007_CELL5493_N1",8.31392060037003,-28.9636010929148
"C231122007_CELL5497_N1",-41.608839778542,-12.9532540305227
"C231122007_CELL549_N1",13.7349316081466,7.90509184470706
"C231122007_CELL54_N1",4.83816216895199,-10.1730733291807
"C231122007_CELL552_N5",-14.2485912318408,60.6319705546568
"C231122007_CELL5551_N1",-21.0382265104922,-49.1507885555741
"C231122007_CELL5569_N1",-29.8578725722898,36.1443810460808
"C231122007_CELL5573_N1",28.8520209028731,-37.6015536100688
"C231122007_CELL5583_N1",-19.1017500177353,34.1099613732622
"C231122007_CELL558_N2",32.2615058757011,-27.4046103481677
"C231122007_CELL559_N4",-42.7057779686934,-4.13488419554373
"C231122007_CELL55_N1",2.15361532621431,-34.0728480460743
"C231122007_CELL560_N5",-15.1125341342184,39.9144067099383
"C231122007_CELL5611_N1",28.1454227599922,-6.71012373878585
"C231122007_CELL5613_N1",-15.0196489545132,41.4816242501603
"C231122007_CELL5615_N1",-26.9431113946266,21.6033140720488
"C231122007_CELL5647_N1",23.811722404771,37.0550434444783
"C231122007_CELL5723_N1",17.5490501536595,-23.5497183478948
"C231122007_CELL5733_N1",27.5161217002563,-6.6930932153223
"C231122007_CELL5760_N1",20.4932385661534,27.1875723981592
"C231122007_CELL5765_N1",-13.4632731077885,-7.54716098740136
"C231122007_CELL5825_N1",4.45979680173807,-1.3453479439064
"C231122007_CELL5833_N1",28.6492604794636,6.23322709093728
"C231122007_CELL5835_N1",-16.2002057983415,28.2143897428629
"C231122007_CELL5840_N1",24.9246237177902,4.49900137158767
"C231122007_CELL5847_N1",-46.4697214345675,19.4937539222506
"C231122007_CELL5863_N1",19.3017708921822,-7.87910148065392
"C231122007_CELL5890_N1",16.4333587196469,28.1144828730579
"C231122007_CELL5900_N1",-53.6293274013132,6.44520734890621
"C231122007_CELL5904_N1",38.7654078545825,28.301152061293
"C231122007_CELL5933_N1",-15.4795703837293,6.72753776530384
"C231122007_CELL6004_N1",51.8577526837893,-4.83172493041106
"C231122007_CELL6011_N1",0.474654245276789,17.8766336858789
"C231122007_CELL6062_N1",-23.9384647404422,-31.954650290373
"C231122007_CELL6078_N1",-16.198815609291,17.0661190835878
"C231122007_CELL6087_N1",-20.0798523602408,15.3465885723616
"C231122007_CELL6100_N1",20.7692698906702,-43.4951124332514
"C231122007_CELL6102_N1",11.1405843509471,30.5297718622027
"C231122007_CELL6116_N1",42.9357222552336,-31.5097112047588
"C231122007_CELL612_N2",9.98931124341021,50.729086016342
"C231122007_CELL6148_N1",9.36966633075349,25.2094986632334
"C231122007_CELL6181_N1",19.1961145574025,-39.5146569324268
"C231122007_CELL6198_N1",1.46782644461366,59.4017179896247
"C231122007_CELL61_N1",41.2870897328533,-10.5289106144503
"C231122007_CELL6201_N1",-5.342754118836,29.2118398281635
"C231122007_CELL624_N4",35.0452134840571,17.6322223815803
"C231122007_CELL6250_N1",-29.3132064608623,-36.479074557231
"C231122007_CELL626_N2",-14.4403794107935,58.0801779456882
"C231122007_CELL627_N1",13.3152324252435,34.5901605813683
"C231122007_CELL6286_N1",20.7630223360514,-41.7934453915611
"C231122007_CELL628_N3",5.50755215134024,34.9452170422523
"C231122007_CELL6300_N1",-11.8766031784475,57.2767787148018
"C231122007_CELL6317_N1",14.1831641554745,-18.5956546911432
"C231122007_CELL6347_N1",37.8541957783817,-41.4833230593345
"C231122007_CELL6370_N1",38.7161740420909,-17.7682306365059
"C231122007_CELL6417_N1",38.851210151615,-17.7914059830067
"C231122007_CELL641_N4",15.6228769247934,23.5856071074511
"C231122007_CELL6423_N1",3.99779000578907,-8.35389581012992
"C231122007_CELL6431_N1",-25.1438426058644,-22.4564420264332
"C231122007_CELL6451_N1",-41.7811175837922,13.9955361946987
"C231122007_CELL6476_N1",-30.8125501397551,15.5951108382065
"C231122007_CELL6482_N1",38.1228986356666,-5.51265996138942
"C231122007_CELL6486_N1",27.8130432617589,11.1766075977181
"C231122007_CELL6491_N1",-48.7968895461883,15.2190018669338
"C231122007_CELL649_N3",-6.04481405851029,50.6548387927831
"C231122007_CELL6528_N1",-0.820893465186532,65.0017465830561
"C231122007_CELL654_N1",34.6712609956712,-17.2285203513893
"C231122007_CELL6555_N1",-14.2655906744856,57.6649340602655
"C231122007_CELL6561_N1",-5.5073270207258,-18.6758194220723
"C231122007_CELL6625_N1",9.22465630066596,13.7928183072065
"C231122007_CELL6639_N1",34.6777576299082,-38.3185581463002
"C231122007_CELL6670_N1",23.8781051506553,-12.5548496355415
"C231122007_CELL6673_N1",-20.9906144079256,35.7371384673168
"C231122007_CELL6682_N1",-32.0934068473306,31.2373125140141
"C231122007_CELL668_N1",46.890973583067,-8.49277262980662
"C231122007_CELL6697_N1",2.46761807839822,-45.7161544243506
"C231122007_CELL6709_N1",-42.9039347518011,-24.469137923452
"C231122007_CELL6713_N1",3.88369034038938,-50.7351637947379
"C231122007_CELL6736_N1",-37.6300153493554,0.741637658282463
"C231122007_CELL6745_N1",-12.510618502508,-12.0782366734267
"C231122007_CELL6766_N1",3.94172088794235,5.08016377496581
"C231122007_CELL676_N3",1.35922978999114,-35.5383929960945
"C231122007_CELL687_N4",35.8549729026312,20.6743176033306
"C231122007_CELL689_N2",-13.1684094364237,40.6470313036753
"C231122007_CELL691_N2",34.819346106953,-25.8432540933934
"C231122007_CELL69_N1",46.8537494118938,-17.5034712059685
"C231122007_CELL711_N2",-47.8187728100815,4.23478021289043
"C231122007_CELL716_N2",-6.77009235411327,39.7754289508536
"C231122007_CELL731_N2",37.2857143285639,-27.172474484296
"C231122007_CELL732_N1",14.5419405738063,-21.1628657119106
"C231122007_CELL736_N2",1.23064167741385,-52.324275951275
"C231122007_CELL744_N2",-29.2500557185818,20.2257267173878
"C231122007_CELL749_N3",11.1806469135559,8.34259597543904
"C231122007_CELL753_N3",32.8398961046354,5.37992845839146
"C231122007_CELL762_N2",-4.59584149277471,47.8058558492348
"C231122007_CELL765_N2",30.2823638261929,-33.856252046776
"C231122007_CELL766_N6",32.089073686505,5.93514900243972
"C231122007_CELL770_N1",1.08455168622206,2.85760485954917
"C231122007_CELL77_N1",16.4455102464577,44.4968206181665
"C231122007_CELL785_N2",-8.88806103331712,22.9170862649837
"C231122007_CELL787_N2",-45.6206966724265,19.0000283623791
"C231122007_CELL794_N2",-27.6998975451297,32.0544160114951
"C231122007_CELL796_N5",6.72160593150475,45.1945212920174
"C231122007_CELL799_N3",27.410017708444,-22.1157256307811
"C231122007_CELL800_N4",50.7580800378279,-0.734630902845827
"C231122007_CELL803_N1",12.7096129330312,15.8779533170172
"C231122007_CELL819_N1",-7.50948674958672,62.5825466912663
"C231122007_CELL824_N1",-40.6228667629435,11.9472892058664
"C231122007_CELL82_N3",23.2462090515358,16.395896948907
"C231122007_CELL831_N4",29.5687845849912,-6.62505410277606
"C231122007_CELL842_N1",6.43134165154468,23.069240365665
"C231122007_CELL852_N2",-20.4614981508317,35.3390553033957
"C231122007_CELL854_N4",-6.69241396482786,39.5043048572714
"C231122007_CELL863_N2",-16.7614578388772,42.0522030503634
"C231122007_CELL874_N1",15.5222803335791,24.6012710156053
"C231122007_CELL878_N2",13.2774915968021,51.5043384906048
"C231122007_CELL87_N2",10.6325632217703,22.4461987037854
"C231122007_CELL89_N1",-47.9841299458932,8.70815533330729
"C231122007_CELL900_N2",13.1961492479286,-3.77023271992806
"C231122007_CELL905_N2",30.0604510245682,-6.6416537723982
"C231122007_CELL90_N2",-2.88590078848232,47.3724518285937
"C231122007_CELL914_N1",-6.21244781115312,-28.1217905181415
"C231122007_CELL922_N1",-44.5982647635088,14.5678366652008
"C231122007_CELL928_N3",9.25116398747434,42.2944563299834
"C231122007_CELL947_N1",38.1778598597414,-30.7078688122012
"C231122007_CELL952_N1",45.1362689166943,-13.0791238043496
"C231122007_CELL958_N2",50.2613297220456,-5.45043099551084
"C231122007_CELL970_N2",-4.82666716825446,39.3118961429583
"C231122007_CELL980_N4",-1.70647081217671,-13.8869604042267
"C231122007_CELL98_N1",45.022094975786,12.1110800016019
"C231122008_CELL1008_N2",15.7191739852395,22.3651351848527
"C231122008_CELL100_N1",33.4194555177058,-26.3194848870392
"C231122008_CELL1022_N1",24.801585381836,-22.4570171558046
"C231122008_CELL1032_N3",-0.646937172624744,36.0260764472891
"C231122008_CELL1047_N3",0.0840869829820136,13.4014825742053
"C231122008_CELL104_N3",42.3105139892427,13.690100916825
"C231122008_CELL1064_N1",8.85153764013075,-11.5482091537029
"C231122008_CELL1065_N3",12.7410542098418,50.8291199079399
"C231122008_CELL1069_N3",0.155226785768996,60.0002851078821
"C231122008_CELL1077_N3",4.51765330456197,17.1416656744834
"C231122008_CELL1090_N3",-4.30205046062992,39.1220110194158
"C231122008_CELL1094_N3",24.3650630267783,8.31446378120002
"C231122008_CELL1098_N3",-5.86999417031161,38.1851986558248
"C231122008_CELL1101_N1",-6.57123064249786,-12.9356037514332
"C231122008_CELL1126_N2",0.904713365512673,-11.0938072680528
"C231122008_CELL113_N4",-3.92549964453604,49.5770038719678
"C231122008_CELL1145_N1",-25.8546939073415,-7.5810786700795
"C231122008_CELL1150_N8",-4.18807739658588,58.7143024087929
"C231122008_CELL1151_N3",-15.9774045830372,28.8392821068426
"C231122008_CELL1157_N2",-13.5269972279101,-8.40885023603209
"C231122008_CELL115_N1",-8.58556582151932,-9.10140847056727
"C231122008_CELL1168_N3",11.470254699924,43.4888190016505
"C231122008_CELL1171_N3",-14.1257798518422,52.5186981635323
"C231122008_CELL1176_N2",44.980063791717,-8.1422445982122
"C231122008_CELL1187_N3",20.3908618707111,25.0931205143968
"C231122008_CELL1188_N5",-5.06392343593968,58.5237717588838
"C231122008_CELL1194_N2",20.4152426938522,25.5433273991824
"C231122008_CELL1199_N1",-15.2349261026221,6.93435761526962
"C231122008_CELL1200_N1",-23.7304337514242,5.3618525073601
"C231122008_CELL1203_N2",-12.8089402800027,57.541446295789
"C231122008_CELL1224_N6",-5.96866672602322,28.5446940156576
"C231122008_CELL1226_N1",-13.6440356892612,-23.8229488427692
"C231122008_CELL1228_N3",26.1477954686466,-23.090456415661
"C231122008_CELL1240_N2",-9.14796788546805,23.412975582283
"C231122008_CELL1241_N2",-9.83695695321636,20.7357431220903
"C231122008_CELL1268_N3",32.8891673303752,17.6165206733405
"C231122008_CELL126_N1",17.5267733073049,-23.5403740584338
"C231122008_CELL1285_N2",-32.806489657104,1.41980290666458
"C231122008_CELL1289_N2",-0.888425308239623,-52.2452258709237
"C231122008_CELL128_N2",-1.83304580618574,61.7277715672515
"C231122008_CELL1303_N1",3.14726121362811,-54.6140327909848
"C231122008_CELL1312_N2",-5.91543841420145,27.8210049104002
"C231122008_CELL1330_N5",4.12863511229355,59.6605969202589
"C231122008_CELL1332_N3",-18.0958023721314,-40.6870571389002
"C231122008_CELL1335_N1",-35.4206689432326,4.68526538203083
"C231122008_CELL1338_N4",-2.98754611148982,63.5800238503982
"C231122008_CELL1345_N2",9.20843056194211,13.8143371337174
"C231122008_CELL1373_N4",-10.2666047123368,-4.49290975673692
"C231122008_CELL137_N1",16.5862467556636,28.6629686610118
"C231122008_CELL1383_N5",-9.77292846934578,19.1120752175461
"C231122008_CELL1392_N1",44.9422589481391,1.54459587745438
"C231122008_CELL1396_N2",-4.00317615157172,0.740336494118288
"C231122008_CELL1398_N4",-17.1151380232954,-46.3090855683562
"C231122008_CELL1403_N2",8.62817020686184,24.7251279964112
"C231122008_CELL1407_N2",20.000599523706,-17.3517783733646
"C231122008_CELL1436_N2",-9.47037048096162,19.7183583113522
"C231122008_CELL1442_N2",-11.999597217938,-3.04905032173883
"C231122008_CELL145_N4",1.6437092624823,-19.1052020426505
"C231122008_CELL1460_N2",7.50019799260483,6.430459301347
"C231122008_CELL1472_N2",14.0446039614814,51.1894655714697
"C231122008_CELL1474_N1",9.7334408868572,-17.8906627968672
"C231122008_CELL1481_N2",37.1263884030986,18.8734359136871
"C231122008_CELL148_N2",11.2321112864994,44.2440628752022
"C231122008_CELL1501_N5",38.0109679257076,28.4125923557897
"C231122008_CELL1503_N2",6.94407120040108,-29.2502066716068
"C231122008_CELL1510_N2",44.9983899462761,1.09256566920655
"C231122008_CELL1537_N2",49.1353391215195,-6.70995096066855
"C231122008_CELL1578_N4",-7.18400890655075,49.2981872692256
"C231122008_CELL1584_N2",9.15937162927295,-11.1458413983665
"C231122008_CELL1585_N2",-15.8734411337305,22.7151395295457
"C231122008_CELL1599_N3",8.99485929223434,20.3746833035778
"C231122008_CELL1615_N2",27.9932421869417,10.6571333117688
"C231122008_CELL161_N1",42.9664358604941,-31.5121671537067
"C231122008_CELL1620_N4",1.45215790092891,35.0280073423278
"C231122008_CELL1621_N2",-10.2192057967529,-4.51200533535244
"C231122008_CELL1627_N3",10.246393375818,45.1061108541691
"C231122008_CELL162_N1",-36.7425269982002,-0.698351959417245
"C231122008_CELL1632_N2",-36.016513720731,3.39295160850387
"C231122008_CELL1639_N5",27.9030434528859,10.3213749444879
"C231122008_CELL1641_N2",-50.603897758345,12.7858885560094
"C231122008_CELL1649_N1",20.707142673171,-36.2101783628109
"C231122008_CELL1650_N1",-55.1957660503029,8.06583163618498
"C231122008_CELL1654_N3",21.3189183573771,43.4407486271809
"C231122008_CELL1665_N3",1.41952773937233,-18.9378867411712
"C231122008_CELL1677_N2",43.4833573949552,-4.9169608421544
"C231122008_CELL1682_N3",-2.07392566731132,-39.5915218458669
"C231122008_CELL1684_N4",-3.38794329343188,40.392560904401
"C231122008_CELL1685_N2",12.7249336906705,3.80181201718928
"C231122008_CELL1691_N3",9.9689748892296,26.6458884704206
"C231122008_CELL1699_N2",-38.0821176976849,-0.548769397085296
"C231122008_CELL1703_N2",43.2137058702301,-21.4383778658147
"C231122008_CELL1704_N3",27.5306583457777,-24.0758014077771
"C231122008_CELL1705_N2",35.3239883874285,22.0814367717703
"C231122008_CELL1752_N2",-6.0985133806226,47.6657228860009
"C231122008_CELL1756_N1",-3.01145629813399,-55.4020074532176
"C231122008_CELL1775_N2",-1.61192440784025,62.4740542431202
"C231122008_CELL1777_N3",49.3167954812867,-6.32435894859716
"C231122008_CELL1786_N2",43.4432674989075,19.3666756191869
"C231122008_CELL1788_N4",8.7924421880446,-4.96063808629683
"C231122008_CELL1792_N3",-5.53439531209928,44.2850815510762
"C231122008_CELL1813_N3",-47.3841729447992,20.9814692067986
"C231122008_CELL1816_N2",-29.3098207272531,-6.23030860741825
"C231122008_CELL1821_N2",8.63462002873296,4.73094148836247
"C231122008_CELL1865_N7",-44.2608085473879,17.2192241409339
"C231122008_CELL1876_N2",-10.7810123584422,37.2606974034147
"C231122008_CELL1885_N4",9.11143821688563,22.9392095370128
"C231122008_CELL1896_N2",-52.3635654162859,15.7344948504583
"C231122008_CELL1902_N1",44.3112283350613,-4.45458439749388
"C231122008_CELL1907_N2",33.4670731381261,-26.4540755109986
"C231122008_CELL1910_N5",38.5135122977223,17.9524027788763
"C231122008_CELL1911_N2",-15.9244085062642,29.288689183568
"C231122008_CELL1940_N2",-10.2011724580713,14.4111124324019
"C231122008_CELL1948_N1",-26.1125142029358,-37.4011285131263
"C231122008_CELL1957_N2",19.7315110757447,-17.7076903009791
"C231122008_CELL1967_N2",-10.2954903014375,18.3293866476717
"C231122008_CELL1968_N2",12.9296404129126,52.4517460818682
"C231122008_CELL1989_N2",13.6031731144451,1.52711225826925
"C231122008_CELL198_N3",13.5102470253009,8.14848667217359
"C231122008_CELL2000_N2",-52.2845272442894,15.5441190473482
"C231122008_CELL2020_N2",21.2355933483958,43.9341366273558
"C231122008_CELL2023_N3",0.770595837540801,39.9394531887354
"C231122008_CELL2025_N2",-6.67730164348866,50.6400694949981
"C231122008_CELL2027_N2",-12.1136475145446,56.368700123641
"C231122008_CELL2031_N2",4.0782026891273,-8.73304419589147
"C231122008_CELL2035_N3",32.0169169140003,-48.1085652813432
"C231122008_CELL2037_N1",-1.21184092929284,-52.3933434775413
"C231122008_CELL2039_N1",-21.0504112824613,52.7674360271264
"C231122008_CELL2043_N2",-17.9249004162776,46.4369497610299
"C231122008_CELL2044_N3",-50.8786889433455,-8.4917344538687
"C231122008_CELL2060_N2",0.860721624543557,43.2489698799104
"C231122008_CELL2070_N2",-15.0960190213632,-18.8436513151408
"C231122008_CELL2091_N2",-5.79343625937138,51.5614193035731
"C231122008_CELL2105_N1",45.3414382833074,-1.87069975430198
"C231122008_CELL2119_N2",10.3779396774565,5.42944137364276
"C231122008_CELL2140_N2",15.8672054648169,25.3770380179594
"C231122008_CELL2151_N1",6.7403300525727,-49.9535444181367
"C231122008_CELL2163_N1",-1.83236445097506,-53.1003804139108
"C231122008_CELL2173_N1",-14.122927066054,54.4744452622997
"C231122008_CELL2201_N1",9.789566201037,24.2358141535943
"C231122008_CELL2220_N1",42.4295586746599,-28.4746850762287
"C231122008_CELL2253_N1",-47.6551949815183,5.2674591151797
"C231122008_CELL2255_N1",10.2945067182986,-24.0435691160198
"C231122008_CELL2274_N1",25.5166490461258,-12.1833489982322
"C231122008_CELL2276_N1",31.9563223356397,-42.2307170950142
"C231122008_CELL2281_N1",39.679896556413,7.46034259186293
"C231122008_CELL2292_N1",13.5920878581785,1.14544196643318
"C231122008_CELL2294_N1",20.8353680083054,44.3973686767365
"C231122008_CELL229_N2",3.76099216037947,-8.94829754957724
"C231122008_CELL2305_N1",7.54020458509505,22.7493874423264
"C231122008_CELL2369_N1",13.0334692773923,-0.300162273892695
"C231122008_CELL236_N1",0.689311672881791,17.7005696085845
"C231122008_CELL2398_N1",-11.4918357348375,-36.8080666766803
"C231122008_CELL2433_N1",16.3294483097563,45.1490879620848
"C231122008_CELL2467_N1",32.5933448400972,-27.2622957028466
"C231122008_CELL248_N1",18.1033680533954,43.5737666026837
"C231122008_CELL253_N2",-3.17809973345467,27.8892709686645
"C231122008_CELL2581_N1",27.8895630600166,-21.6493440361486
"C231122008_CELL2637_N1",28.7790759604192,-41.6892837035343
"C231122008_CELL2646_N1",11.1345110402048,-35.9669038541889
"C231122008_CELL2682_N1",-11.5929619824117,-30.8424178539105
"C231122008_CELL2700_N1",35.9649372175395,-42.2425738223875
"C231122008_CELL2715_N1",-0.755897438340223,-53.2238117289876
"C231122008_CELL271_N3",-4.36060778455126,55.887757084512
"C231122008_CELL2738_N1",46.6445945673734,-23.7090189252654
"C231122008_CELL2743_N1",19.7627396969226,27.7407438546807
"C231122008_CELL2767_N1",46.2241949147798,-26.0025196746179
"C231122008_CELL27_N1",35.150880882108,5.44442283414944
"C231122008_CELL2810_N1",9.31240943933702,-28.5245274930959
"C231122008_CELL2812_N1",-27.159808010319,-35.254062801107
"C231122008_CELL281_N1",-19.4285302239739,-29.5975517828537
"C231122008_CELL288_N5",6.52034703926644,35.2843048511137
"C231122008_CELL2905_N1",25.7064880515046,-11.9692913820381
"C231122008_CELL291_N1",-50.3798290273864,-0.108538061020796
"C231122008_CELL2921_N1",-23.2993509617048,2.26388300504794
"C231122008_CELL2922_N1",-36.7554246818922,-2.71162538555818
"C231122008_CELL2955_N1",-4.59921714142004,26.3817904017188
"C231122008_CELL3027_N1",4.79289487679682,-1.08138610399429
"C231122008_CELL302_N3",38.6888342699358,-31.3095745440455
"C231122008_CELL304_N3",-10.2827757105109,30.7054321638894
"C231122008_CELL3089_N1",-23.2183302195092,1.96038511390101
"C231122008_CELL3099_N1",4.9627101591072,34.8992119406126
"C231122008_CELL3113_N1",-53.1484985239857,7.51461568663809
"C231122008_CELL311_N4",-8.69901517602347,0.971154858236328
"C231122008_CELL3128_N1",-30.1798928438682,5.39541892792773
"C231122008_CELL3139_N1",-43.9843936891269,9.62840360206762
"C231122008_CELL3156_N1",-27.5154302397733,-36.059054348095
"C231122008_CELL315_N4",-12.1871124533622,44.7669741099589
"C231122008_CELL3171_N1",-19.795607500711,17.3713665529983
"C231122008_CELL3181_N1",11.1048689970038,41.5385014561034
"C231122008_CELL3204_N1",-39.1697380996138,-18.0934344542721
"C231122008_CELL3224_N1",-1.49278010926211,26.2713870167397
"C231122008_CELL3313_N1",-53.3811386195521,6.79843342839001
"C231122008_CELL3339_N1",37.3054724963683,27.0243194862391
"C231122008_CELL3343_N1",20.5847611440791,-11.233838892677
"C231122008_CELL3358_N1",10.3880916319769,-24.665833692251
"C231122008_CELL3369_N1",-3.51436414703336,63.7413423553935
"C231122008_CELL336_N4",15.1817123226609,-34.9443652101626
"C231122008_CELL3371_N1",-16.6158690218176,-23.2050485191593
"C231122008_CELL3373_N1",-14.9861021946561,41.422692539492
"C231122008_CELL340_N2",13.028825243037,46.9883606756806
"C231122008_CELL3456_N1",8.09058817178851,7.82874706537424
"C231122008_CELL3457_N1",-9.95502967137504,8.90892944042653
"C231122008_CELL3460_N1",21.9429688785529,15.2472113535756
"C231122008_CELL3463_N1",44.4869329079417,12.5195849329982
"C231122008_CELL348_N4",-6.92167729900936,29.5515496490941
"C231122008_CELL3509_N1",-29.4434728241764,18.4271572115289
"C231122008_CELL3519_N1",-25.3058089532501,-6.36954030053143
"C231122008_CELL3537_N1",-4.13950348222123,-41.8797374804034
"C231122008_CELL3574_N1",26.8759596874138,-23.4889783310163
"C231122008_CELL3597_N1",-26.1193641752036,-38.2812445100148
"C231122008_CELL3611_N1",-28.2841287282594,-36.2018180362454
"C231122008_CELL3614_N1",-0.87041954794063,-42.7904690874075
"C231122008_CELL3635_N1",26.5691289342598,23.0290795504589
"C231122008_CELL3672_N1",26.6869549957257,-23.0699656180596
"C231122008_CELL369_N4",0.621395026447731,56.5541472973598
"C231122008_CELL3711_N1",3.20442949386601,-1.97842680402604
"C231122008_CELL3713_N1",43.1463277246634,18.219668668672
"C231122008_CELL3720_N1",18.2975811801318,-9.64591286088663
"C231122008_CELL3745_N1",32.4277176671711,-22.1971886689591
"C231122008_CELL3748_N1",6.07075139553783,-50.3144993848583
"C231122008_CELL3775_N1",3.70818444608104,9.41331826143661
"C231122008_CELL3834_N1",40.6513713406033,-33.9798344040279
"C231122008_CELL3838_N1",28.7921458579235,-41.6049837092157
"C231122008_CELL3845_N1",12.5021218903836,-4.72934556621136
"C231122008_CELL388_N3",21.3881463763823,10.2256419439294
"C231122008_CELL3892_N1",-25.8743862734929,-22.8863468812819
"C231122008_CELL3933_N1",19.2388935588311,16.4172640971267
"C231122008_CELL3940_N1",5.5599733983051,-45.421430657913
"C231122008_CELL394_N1",-46.7157226211074,20.4471258884894
"C231122008_CELL3960_N1",-26.0216341220215,1.09321208978153
"C231122008_CELL3965_N1",-10.4279383534513,-4.48046439055236
"C231122008_CELL3988_N1",9.73613187978394,-17.9376857157424
"C231122008_CELL3994_N1",-10.6898545471489,27.7388122530303
"C231122008_CELL4002_N1",41.6663120962921,-15.9670558582655
"C231122008_CELL4006_N1",-15.80670994954,42.5246163769442
"C231122008_CELL4054_N1",-1.27426146075828,46.8473816745279
"C231122008_CELL405_N2",30.3159207073368,9.34063520261371
"C231122008_CELL4114_N1",-42.9917117822528,-24.2726704527329
"C231122008_CELL4142_N1",23.0208309007187,16.319370248261
"C231122008_CELL4143_N1",1.27323336117181,-35.5387496271822
"C231122008_CELL4152_N1",8.17247055020201,3.086039672401
"C231122008_CELL4175_N1",-9.36076458802505,51.1325349596369
"C231122008_CELL4188_N1",-10.7139399725958,8.41271767317057
"C231122008_CELL4201_N1",28.6458545752869,3.63217209697634
"C231122008_CELL4204_N1",-2.0822849756378,61.3034134736974
"C231122008_CELL4208_N1",2.29558915172209,-30.1998645877864
"C231122008_CELL4212_N1",20.242459147397,-42.6087464057796
"C231122008_CELL4242_N1",22.3814529339501,-4.04744906260471
"C231122008_CELL4249_N1",-2.51660354068632,-51.6584528380212
"C231122008_CELL4258_N1",-35.7746373431189,3.91080256376309
"C231122008_CELL4268_N1",-12.4466980071654,-4.98553396873303
"C231122008_CELL4272_N1",-0.281950317904957,12.7872637814203
"C231122008_CELL4282_N1",3.14665541012657,-54.6135297571596
"C231122008_CELL4294_N1",46.0896361353646,-25.7160586044157
"C231122008_CELL4315_N1",-1.780477620416,58.8682967171515
"C231122008_CELL4328_N1",33.1046304162937,-20.3140520659604
"C231122008_CELL4360_N1",9.40197792117697,-28.1053016169642
"C231122008_CELL4371_N1",-0.726338630429984,-42.8027148450554
"C231122008_CELL4420_N1",-49.534997205117,14.8776423068508
"C231122008_CELL4437_N1",-20.6216040525182,20.8157636766639
"C231122008_CELL4465_N1",-24.3966034977658,0.551220514249742
"C231122008_CELL4468_N1",-34.8364363969171,-23.9711510215307
"C231122008_CELL4496_N1",44.7790984315949,-8.23052897937033
"C231122008_CELL4497_N1",13.201793153323,35.2273508571293
"C231122008_CELL452_N1",18.5921006729515,-42.0516581340203
"C231122008_CELL4533_N1",19.1276310362318,-6.80999793468425
"C231122008_CELL453_N1",-12.1363773817933,12.3025767793997
"C231122008_CELL4552_N1",28.2090802194121,24.4264057584293
"C231122008_CELL4558_N1",-31.5021719721079,31.1307684070083
"C231122008_CELL4629_N1",-8.81414857810196,-22.1595919233091
"C231122008_CELL4633_N1",47.3733890763634,-9.13128739131981
"C231122008_CELL4679_N1",-32.8210612359794,1.44689654792724
"C231122008_CELL4711_N1",9.95063684268369,48.9520446446253
"C231122008_CELL4717_N1",40.4633985688287,-32.9294052194364
"C231122008_CELL472_N3",-14.3673275131086,40.3195832914274
"C231122008_CELL4760_N1",-9.28665835622776,41.8121203162008
"C231122008_CELL4773_N1",40.804690318102,5.88333421500319
"C231122008_CELL4790_N1",46.0872053830534,-1.93976913298822
"C231122008_CELL4847_N1",-29.0865334285599,-2.83649221073985
"C231122008_CELL487_N1",23.8782487217766,-12.5548083290259
"C231122008_CELL4881_N1",9.8667526780443,3.34123062355358
"C231122008_CELL4893_N1",-19.7489893708182,20.3661280619435
"C231122008_CELL4950_N1",42.9686022729709,-31.5109011734778
"C231122008_CELL496_N2",-7.63133893839138,47.357226767887
"C231122008_CELL4973_N1",-7.39173520403537,-29.5321831334769
"C231122008_CELL4983_N1",-38.1057411809471,3.86157974542569
"C231122008_CELL4995_N1",29.8094012923841,-34.8920319244247
"C231122008_CELL501_N3",42.8267083763407,15.6912654243843
"C231122008_CELL5040_N1",37.6700613139508,20.6826923472124
"C231122008_CELL5061_N1",-4.4209696160031,47.8171866146309
"C231122008_CELL5064_N1",33.4189987427016,-26.3210762388843
"C231122008_CELL5070_N1",-5.41563734963701,-18.9249752060011
"C231122008_CELL5074_N1",-16.9339078196887,5.57551178344906
"C231122008_CELL5078_N1",38.9050204817351,-32.0383502883788
"C231122008_CELL50_N3",22.0693346788954,42.7504453310498
"C231122008_CELL514_N2",-50.5763508558888,12.8799987865821
"C231122008_CELL5160_N1",2.64658321794941,-5.57070065713572
"C231122008_CELL5162_N1",8.11628073250121,25.5750502192703
"C231122008_CELL5212_N1",20.2865054891497,-36.5286976408568
"C231122008_CELL5239_N1",3.76794621073441,8.59380293050948
"C231122008_CELL5253_N1",2.12264140080611,-19.4406044249879
"C231122008_CELL525_N3",-5.21262344450449,39.6177676798177
"C231122008_CELL5285_N1",-9.68292238334587,30.1668081871068
"C231122008_CELL5293_N1",6.25453237992117,-50.2610180879548
"C231122008_CELL530_N1",4.01065142299241,1.98002633650447
"C231122008_CELL5342_N1",-46.9749866739308,8.69617746092825
"C231122008_CELL5364_N1",-8.10820098015012,-40.2062236244032
"C231122008_CELL541_N3",-24.840253380942,-6.14365389100444
"C231122008_CELL5422_N1",-10.9302756830186,-34.4663285531462
"C231122008_CELL545_N3",11.4883916872455,45.186832304873
"C231122008_CELL5461_N1",21.9917429985035,16.8274518181807
"C231122008_CELL5482_N1",-0.700666143387975,2.85918198990293
"C231122008_CELL5499_N1",-4.40585466368165,-29.9985497434417
"C231122008_CELL5509_N1",-21.4428604115912,52.7769718817428
"C231122008_CELL552_N2",-5.34073792244183,26.4720216146499
"C231122008_CELL5539_N1",-8.65259451751635,-10.7217068022694
"C231122008_CELL5541_N1",28.3776185613737,-50.0387956997083
"C231122008_CELL5542_N1",16.2339360291273,4.64463789830802
"C231122008_CELL5555_N1",21.1809084646972,43.3759342329541
"C231122008_CELL5560_N1",-16.4938053782816,5.88210860433479
"C231122008_CELL5568_N1",17.4692082994135,-11.3436996131117
"C231122008_CELL5571_N1",41.2315817726946,15.3206453271652
"C231122008_CELL5576_N1",41.565605454989,-15.3566940851614
"C231122008_CELL5578_N1",-2.11674572709082,19.5389872903909
"C231122008_CELL557_N3",-1.03980651324409,57.457295581426
"C231122008_CELL5581_N1",41.7539263447466,-18.0984487461411
"C231122008_CELL5596_N1",-1.86358616287311,-51.4029492624313
"C231122008_CELL560_N4",5.87052618485605,49.3967927330719
"C231122008_CELL5617_N1",-45.1081556093994,-19.2748337371386
"C231122008_CELL5639_N1",11.3771482542675,24.7204051742466
"C231122008_CELL5652_N1",-3.9805882149555,44.2037226237979
"C231122008_CELL5655_N1",6.71728220873715,-40.3990496963327
"C231122008_CELL5661_N1",-10.3101537918039,-19.3253703571666
"C231122008_CELL5673_N1",-1.33332882283088,25.5794179995582
"C231122008_CELL5676_N1",33.4249806267366,-19.3754786539967
"C231122008_CELL567_N2",5.99046379641798,6.25004283789791
"C231122008_CELL5697_N1",-0.978296376581046,-30.491962887933
"C231122008_CELL5700_N1",-48.0534525478595,15.3524845419951
"C231122008_CELL5702_N1",35.7702967257271,-11.3789956667754
"C231122008_CELL5730_N1",0.626919877201803,28.1236645926447
"C231122008_CELL576_N2",4.11566328417608,45.9786410361715
"C231122008_CELL5786_N1",-0.908118942647186,35.3315845330198
"C231122008_CELL57_N1",11.9506714413281,45.5112175865637
"C231122008_CELL5816_N1",35.2616340010468,18.8195812229183
"C231122008_CELL581_N2",5.54891875700226,17.3263717383139
"C231122008_CELL5877_N1",-29.6715910127762,11.4224644127984
"C231122008_CELL5925_N1",29.0798072808085,-43.8186018131187
"C231122008_CELL5938_N1",38.240590649164,29.2046469660327
"C231122008_CELL593_N3",12.8393002464498,36.5128987678975
"C231122008_CELL6033_N1",25.9986470662993,-39.5645923003219
"C231122008_CELL6034_N1",35.2392527815823,-40.2002417161542
"C231122008_CELL6049_N1",-28.68016163283,14.694514247677
"C231122008_CELL6056_N1",35.0692673479646,-25.7381280204321
"C231122008_CELL6062_N1",-39.2453380716911,-1.06641850500574
"C231122008_CELL607_N1",-24.351129189211,-10.0728415958913
"C231122008_CELL6112_N1",-4.41171596770359,54.8317942061445
"C231122008_CELL611_N3",-7.83649440584712,58.2974645892991
"C231122008_CELL6126_N1",-16.5555935868767,-45.6572434199171
"C231122008_CELL613_N5",-43.9321615884138,9.1976853592141
"C231122008_CELL6151_N1",-26.7675405418647,1.27710612813752
"C231122008_CELL6179_N1",-4.73775906265943,-49.8773004499915
"C231122008_CELL6180_N1",-40.7842952201429,-2.65582754432535
"C231122008_CELL6182_N1",13.1277055227,42.9146843317279
"C231122008_CELL620_N1",8.97786664316221,20.6301279924104
"C231122008_CELL6237_N1",-3.11974220465999,-55.5373752307423
"C231122008_CELL6263_N1",9.98234581724515,24.3660122003817
"C231122008_CELL632_N2",-25.3170004950917,-49.6338166015686
"C231122008_CELL6358_N1",-51.6380274327058,-0.539907636080134
"C231122008_CELL6359_N1",-17.6496219140529,-5.11213287890082
"C231122008_CELL635_N3",-45.7140712983262,17.0622951298176
"C231122008_CELL6372_N1",19.6815722784676,-43.1747203269507
"C231122008_CELL639_N1",6.98590230932049,-24.1585246321634
"C231122008_CELL63_N1",29.0731632943297,3.44009068540535
"C231122008_CELL6420_N1",-7.52218518029353,62.5801120741535
"C231122008_CELL6466_N1",9.02650877103567,-5.68323070898868
"C231122008_CELL6492_N1",38.9096608666328,17.596694097044
"C231122008_CELL6512_N1",-40.8081818787953,12.7228808346805
"C231122008_CELL6518_N1",36.4519053361693,-43.4992943050846
"C231122008_CELL651_N4",14.6296573239509,-21.3441498952033
"C231122008_CELL6540_N1",-17.7181891803277,17.0185225008872
"C231122008_CELL6554_N1",-26.69319299887,-6.36756604615336
"C231122008_CELL6582_N1",-28.134141849778,31.2853113377593
"C231122008_CELL659_N5",1.00636488722177,-18.5307867727284
"C231122008_CELL6620_N1",42.9662599727432,-31.5132182743695
"C231122008_CELL6629_N1",-6.47939463888192,10.035937596687
"C231122008_CELL665_N1",20.6175740006693,27.4201477530281
"C231122008_CELL6661_N1",-30.3438851970556,20.3758339476327
"C231122008_CELL6666_N1",24.9330924974771,-22.5249105174915
"C231122008_CELL666_N4",-3.98761665206884,48.946515875603
"C231122008_CELL6766_N1",9.75904797354401,-21.0327700138344
"C231122008_CELL6785_N1",-25.7742462267095,-12.3053262882017
"C231122008_CELL679_N2",12.7803972938108,35.6807261129098
"C231122008_CELL6801_N1",45.1668972502636,-3.00383106859802
"C231122008_CELL6806_N1",17.6880371519048,-40.1511461326694
"C231122008_CELL6812_N1",-44.7524095856827,19.4026848702776
"C231122008_CELL6816_N1",10.0246952262976,-28.9211660486845
"C231122008_CELL6835_N1",30.6956799167318,-47.8302298693036
"C231122008_CELL6837_N1",10.2050952303515,31.1496882584912
"C231122008_CELL684_N1",33.6064068687362,-15.7290077753841
"C231122008_CELL6890_N1",10.5062577148293,6.03199310297544
"C231122008_CELL690_N1",-36.4986825799773,-7.39738485218898
"C231122008_CELL6933_N1",22.2033313502483,-46.7747145659947
"C231122008_CELL6963_N1",-29.4976693415402,17.5720122361861
"C231122008_CELL6986_N1",-25.25741638624,-47.7336029845718
"C231122008_CELL699_N2",11.0936662884496,44.7445393604289
"C231122008_CELL7003_N1",10.3716934739897,21.6959215265135
"C231122008_CELL7012_N1",5.80841775278915,49.3726759536503
"C231122008_CELL7028_N1",-48.1233076928129,13.8931738802051
"C231122008_CELL7048_N1",40.2302704756838,-38.6568374910046
"C231122008_CELL7099_N1",17.1320596668026,-9.08757279641978
"C231122008_CELL7132_N1",34.7343897796244,19.448952649917
"C231122008_CELL7140_N1",-7.76328855522925,36.3738604080786
"C231122008_CELL7146_N1",-46.051533521205,-19.2799847580004
"C231122008_CELL7158_N1",-1.20559789858128,-52.3976432374505
"C231122008_CELL716_N2",8.18546265190714,8.3955977041514
"C231122008_CELL7175_N1",35.2615671625299,22.2460734895513
"C231122008_CELL7214_N1",-2.0831889694367,-46.8610906975734
"C231122008_CELL7225_N1",12.536642806499,4.1037582687519
"C231122008_CELL722_N3",21.6802416811825,9.24479257863582
"C231122008_CELL7230_N1",41.5315968743548,-10.7492778835984
"C231122008_CELL726_N1",-43.3167267682241,-4.38128584209358
"C231122008_CELL7323_N1",33.834509761754,27.5314979529187
"C231122008_CELL732_N2",29.6101615237749,-20.9579071490627
"C231122008_CELL7336_N1",42.9503323276578,-28.4545750431352
"C231122008_CELL7342_N1",-46.7745654791357,20.1269634933159
"C231122008_CELL7352_N1",-44.9732669856967,15.5497057750248
"C231122008_CELL735_N3",-20.7271932024862,-48.4297951870644
"C231122008_CELL7379_N1",27.0484708398338,8.86106593107553
"C231122008_CELL7399_N1",4.06302116241053,34.3833796142387
"C231122008_CELL7400_N1",-4.89957322369431,-18.4214182450003
"C231122008_CELL7404_N1",29.6957738537072,-41.907284784872
"C231122008_CELL7415_N1",-0.885909921398398,35.9635675670776
"C231122008_CELL7439_N1",-16.4194052251059,22.4703838442261
"C231122008_CELL7452_N1",35.7193644445327,15.5964898331545
"C231122008_CELL745_N3",34.946136040453,18.2644991116535
"C231122008_CELL7481_N1",32.7626943163686,-42.3066808797518
"C231122008_CELL749_N3",-14.8619184710164,42.099956145013
"C231122008_CELL7502_N1",1.70143092785027,42.1691407338804
"C231122008_CELL7517_N1",36.2382984963188,25.6693658947744
"C231122008_CELL7520_N1",33.0347993930629,4.94018451915342
"C231122008_CELL7554_N1",-6.52707487485922,-12.9705542385498
"C231122008_CELL7598_N1",20.7500132872812,-11.3422192931753
"C231122008_CELL7609_N1",15.5857568467811,-8.89466257513985
"C231122008_CELL7613_N1",-23.9652785757331,0.722013904557762
"C231122008_CELL761_N1",42.6877369721801,-29.95934991675
"C231122008_CELL7620_N1",1.92082488678822,17.7887536558726
"C231122008_CELL7626_N1",10.0424763194975,31.0793794882904
"C231122008_CELL762_N3",1.92282532206052,34.3409042231021
"C231122008_CELL7647_N1",-2.08658747984397,-1.89827264824559
"C231122008_CELL7655_N1",35.9451344327342,-12.3198016007418
"C231122008_CELL7657_N1",0.00790721011787309,13.2485842761516
"C231122008_CELL7690_N1",-7.64027155717474,35.3595395637387
"C231122008_CELL7721_N1",-45.5073949098248,-8.44330803018941
"C231122008_CELL7730_N1",-29.7043650388032,20.2588722552541
"C231122008_CELL7742_N1",-29.8617668723038,36.1330082593832
"C231122008_CELL7749_N1",6.78144975909145,43.8735164445784
"C231122008_CELL7752_N1",-14.9404599750549,-18.0828033208923
"C231122008_CELL7763_N1",-7.82579419829707,37.3408883464783
"C231122008_CELL7789_N1",12.949117278214,36.2368914999877
"C231122008_CELL7804_N1",-18.0939578565935,32.1154326866247
"C231122008_CELL7809_N1",2.46455857946827,35.6908384712481
"C231122008_CELL797_N3",-14.2613585126977,60.6384718462925
"C231122008_CELL799_N1",-3.279792234588,31.9839186410246
"C231122008_CELL800_N6",-12.5347991644086,11.3593121675702
"C231122008_CELL806_N3",-19.7260317499177,-12.4112527932157
"C231122008_CELL814_N3",-7.65409899782468,19.9814866940591
"C231122008_CELL823_N2",-9.42323843502331,20.7059316087247
"C231122008_CELL824_N4",8.35775213696479,5.27409577847649
"C231122008_CELL855_N2",-7.46024452009019,58.4853204110129
"C231122008_CELL863_N2",-40.6338892695272,-6.43849408600661
"C231122008_CELL869_N1",-5.43319998560369,9.19473267197083
"C231122008_CELL870_N1",18.4315984145294,-0.192311255687118
"C231122008_CELL877_N1",-33.3353629012573,-23.9227410534153
"C231122008_CELL879_N3",14.3530136620825,35.8766849889881
"C231122008_CELL87_N3",46.4854970095379,22.4140803336842
"C231122008_CELL886_N2",-4.39364620586828,38.2756595870535
"C231122008_CELL909_N3",24.9657002932569,20.7330622250121
"C231122008_CELL922_N3",42.2754042637311,-17.0667068212402
"C231122008_CELL924_N3",2.12038740208993,-28.4056391373397
"C231122008_CELL939_N1",10.3001378254381,-24.9899707913273
"C231122008_CELL966_N3",37.5712367974352,23.1389753785196
"C231122008_CELL982_N2",-27.9719217197357,21.907421987181
